url,title,desc,body
https://n.news.naver.com/mnews/article/003/0011801212?sid=102,"서울시, 반려동물 광견병 예방접종 지원…1만원에 가능",기사내용 요약 13~29일 동물병원 824곳서 진행 서울시가 반려동물인 3개월령 이상 개와 고양이를 대상으로 오는 13일부터 29일까지 '광견병 예방접종'을 실시한다. 13일 서울시에 따르면 시는 광견병 예방접종,"기사내용 요약
13~29일 동물병원 824곳서 진행
[서울=뉴시스]광견병 예방접종.(사진=서울시 제공) *재판매 및 DB 금지


[서울=뉴시스] 권혁진 기자 = 서울시가 반려동물인 3개월령 이상 개와 고양이를 대상으로 오는 13일부터 29일까지 '광견병 예방접종'을 실시한다.

13일 서울시에 따르면 시는 광견병 예방접종 지원을 위해 광견병 백신 약 5만 마리 분을 공급한다. 시민은 반려동물과 함께 거주지 인근 지정 동물병원을 방문하고 시술료 1만원만을 지불하면 광견병 예방접종이 가능하다.

광견병 예방접종에는 824개소 동물병원이 참여하며, 관할 자치구 홈페이지에서 확인할 수 있다.

광견병 예방접종 지원은 반려견의 경우 동물등록이 돼 있어야 가능하다. 동물등록은 서울시에서 지원하는 내장형 동물등록사업을 통해 1만원만 부담하면 할 수 있다. 내장형 동물등록은 칩을 삽입해 분실, 훼손의 염려가 없는 동물등록 방법이다.

광견병은 바이러스성 질환으로 뇌염, 신경 증상 등 중추신경계 이상을 일으켜 발병 시 대부분 사망하게 되는 인수공통감염병이다. 주로 야생동물(너구리 등)에 물리거나 할퀴는 접촉에 의해 사람과 가축·반려동물에 전파된다.

국내에선 2013년 이후 발생 사례가 없지만 치사율이 높아 개·고양이를 포함한 모든 온혈동물은 감염을 주의해야 한다．"
https://n.news.naver.com/mnews/article/015/0004831950?sid=100,"김건희 ""동물학대 보면 3박4일 잠 못자…개 식용 종식할 것""","동물권 보호에 목소리를 높이고 있는 김건희 여사가 동물보호단체 관계자들과 만나 ""개 식용을 정부 임기 내에 종식하도록 노력하겠다. 그것이 저의 본분이라고 생각한다""고 밝힌 것으로 전해졌다. 김 여사는 최근 청와대","동물보호단체 만난 김건희 여사
""尹정부 임기 내 개 식용 종식""
김건희 여사가 지난해 5월 11일 오전 서울 서초구 자택에서 윤석열 대통령 출근길 배웅에 나서고 있다. / 사진=연합뉴스

동물권 보호에 목소리를 높이고 있는 김건희 여사가 동물보호단체 관계자들과 만나 ""개 식용을 정부 임기 내에 종식하도록 노력하겠다. 그것이 저의 본분이라고 생각한다""고 밝힌 것으로 전해졌다.

김 여사는 최근 청와대 상춘재에서 열린 동물보호단체 관계자들과 비공개 초청 오찬에서 이같이 말했다고 뉴스1이 지난 12일 보도했다. 이 자리에는 동물자유연대, 카라 등 동물권 단체 관계자들이 참석했다.

김 여사는 ""(TV 프로그램) 동물농장에서 학대 장면을 보면 3박 4일 잠을 못 잔다""면서 동물에 대한 각별한 애정을 드러냈다고 한다. 윤석열 대통령이 반려동물을 위해 직접 수제 간식을 만든 에피소드도 소개한 것으로 알려졌다. 특히 김 여사는 ""개 식용을 정부 임기 내에 종식하도록 노력하겠다""는 의지를 밝혔다.

대통령실 관계자는 ""대통령이 다 가지 못하는 자리에는 김 여사가 대신 가고 있고, 요청도 많다""며 ""약자, 예술, 환경, 기후변화, 반려동물 등 여사가 갈 수 있는 행사엔 되도록 참석해 힘이 돼 드리려고 한다""고 말했다.

사진=뉴스1

개 식용 문제는 1980년대부터 사회와 정치권의 '뜨거운 감자'로 꼽혀왔다. 이와 동시에 국내에서는 여전히 찬반이 엇갈리고 있는 해묵은 논란이기도 하다. 다만 최근 김 여사가 '개 식용 종식'을 강하게 주장하고 나서면서 다시 주목받기 시작했다.

김 여사는 지난해 6월 13일 언론 인터뷰에서 ""경제 규모가 있는 나라 중 개를 먹는 곳은 우리나라와 중국뿐""이라며 개 식용 종식을 주장한 바 있다. 김 여사가 윤 대통령을 동반하지 않고 홀로 목소리를 낸 건 이 인터뷰가 처음이었는데, 첫 주제는 '동물권 보호'였다.

당시 김 여사는 ""(윤석열 정부에서) 동물 학대와 유기견 방치, 개 식용 문제 등에서 구체적 성과가 나오길 바란다. 한국에 대한 반 정서를 가지게 할 수 있기 때문에, 보편적인 문화는 선진국과 공유돼야 한다고 생각한다""면서 ""(개 식용 종식은) 정책으로 해결할 수 있다고 본다. 영세한 식용업체들에 업종 전환을 위한 정책 지원을 해주는 방식도 있을 것 같다""고 제안했다."
https://n.news.naver.com/mnews/article/056/0011464843?sid=101,태백 반려동물 놀이터 오는 15일 재개장,"겨울철에 휴장했던 태백 반려동물 놀이터가 오는 15일 다시 개장해, 11월 30일까지 운영됩니다. 운영 시간은 매주 월요일과 우천 시를 제외한 매일 오전 9시부터 오후 6시까지이며, 여름철에는 오후 7시까지","태백 반려동물 놀이터 오는 15일 재개장
KBS뉴스
|
재생 수
113
00:00 | 00:27
자막
자막
화질 선택 옵션
자동



[KBS 강릉]겨울철에 휴장했던 태백 반려동물 놀이터가 오는 15일 다시 개장해, 11월 30일까지 운영됩니다.

운영 시간은 매주 월요일과 우천 시를 제외한 매일 오전 9시부터 오후 6시까지이며, 여름철에는 오후 7시까지 연장됩니다.

태백 반려동물 놀이터는 소도동 1,500제곱미터에 조성됐으며, 동물 등록한 반려동물만 입장할 수 있습니다."
https://n.news.naver.com/mnews/article/421/0006744936?sid=103,반려동물 털 관리 방법은…심하게 빠지면 질병 의심해야[펫카드],최서윤 동물문화전문기자 = 황사와 미세먼지가 극심한 봄이 왔다. 창문 여는 것도 조심스러운 상황. 반려동물을 키우고 있다면 집에서 날리는 털 때문에 두 배로 힘들 수 있다. 평소 반려동물 털 관리를 잘해놔야 청소가,"펫카드(카드뉴스 제작툴_tyle.io)


(서울=뉴스1) 최서윤 동물문화전문기자 = 황사와 미세먼지가 극심한 봄이 왔다. 창문 여는 것도 조심스러운 상황.

반려동물을 키우고 있다면 집에서 날리는 털 때문에 두 배로 힘들 수 있다. 평소 반려동물 털 관리를 잘해놔야 청소가 수월하다. 반려동물 또한 피부질환으로부터 보호할 수 있다.

13일 믿을 수 있는 동물병원그룹 '벳아너스'와 '굿케어동물의료센터'에 따르면 강아지나 고양이들은 보통 봄과 가을철에 털갈이를 한다. 이 시기에는 평소보다 털이 더 많이 빠진다고.

하지만 털 관리를 해주면 털 날림을 줄일 수 있다는 것. 그렇다면 반려동물 털 관리는 어떻게 해야 할까.

털 관리를 위해 중요한 것은 빗질. 빗질은 반려동물과 유대관계를 쌓는데 좋고 털 빠짐을 최대한 방지할 수 있는 방법이다. 매일 빗질을 해서 죽은 털을 미리 제거해주자.

또한 목욕할 때 린스를 해주고 드라이를 통해 털이 완전히 마른 상태에서 빗질을 해준다.

피부가 건강하면 털 빠짐을 최소화 할 수 있다. 닭고기와 생선 등 동물성 단백질 제품을 급여해주면 좋다. 오메가3가 든 음식은 탈모예방에 도움이 된다고.

만병의 근원은 스트레스. 반려동물의 탈모도 스트레스가 원인일 수 있다. 산책을 자주 해주고 많이 놀아주면서 스트레스를 해소해주는 것도 한 방법.

실내외 온도차가 크지 않도록 유의하고 동물병원에서 정기 건강검진을 통해 관리를 해주는 것이 필요하다.

이지혁 굿케어동물의료센터 원장은 ""반려동물이 특정 한곳만 계속해서 털이 빠진다거나 유난히 털 날림이 심하다면 질병이 원인일 수 있다""며 ""증상이 계속된다면 검진을 받아 아픈 곳이 있는지 살펴보는 것이 좋다""고 말했다.[해피펫]"
https://n.news.naver.com/mnews/article/417/0000912488?sid=102,"""길고양이 밥주지 마""...진주 경상국립대 '동물학대' 논란","동물보호단체 ""수의대·동물의료원 갖춘 거점대학으로서 할일 아냐"" 경상대측 ""민원에 따라 조치한 것"", ""자진철거 안내했을 뿐 강요하지 않았다"" 경상국립대학교가 이른바 '동물학대' 논란에 휩싸였다. 최근 경상대측이","동물보호단체 ""수의대·동물의료원 갖춘 거점대학으로서 할일 아냐""
경상대측 ""민원에 따라 조치한 것"", ""자진철거 안내했을 뿐 강요하지 않았다""

지난 4일 진주 경상대 캠퍼스에서 한 학생이 길고양이와 단란한 시간을 보내고 있다./사진=머니S 임승제 기자
경상국립대학교가 이른바 '동물학대' 논란에 휩싸였다.

최근 경상대측이 '캣맘(길고양이를 돌보는 여성)'들을 향해 길고양이의 밥주기 금지와 급식 시설물, 집 철거를 통보하면서다.

경상대측은 최근 캣맘에게 수의과대학과 동물의료원이 위치한 느티마루 휴게소 인근에 있는 길고양이들의 밥주기 금지와 시설물(길고양이 집) 철거를 지시했다는 의혹을 받고 있다.

이에 동물보호단체와 캣맘들은 학교측이 길고양이에 대한 보호·관리 등 사후 대책 없는 강요를 요구하는 것은 '동물학대'라며 분노하고 있다.

이들은 학교측의 요구를 이해할 수 없다는 입장이다. 교내는 고양이들의 개체수가 늘어나 논란이 일고 있는 아파트 단지 등과는 차별된다는 점을 들었다.

캠퍼스 내에는 야밤에 고양이 울음소리로 인해 수면 방해를 받지 않을뿐만 아니라 TNR(중성화 수술)을 통한 개체수 감소에도 적극적으로 대처했다고 주장했다.

진주 경상대 캠퍼스 내에 캣맘들이 설치해 놓은 길고양이 급식 시설물과 집 전경(빨강점선 안). 최근 학교측의 요구로 시설물은 철거된 상태다./사진=(사)동물사랑연대 고사모 제공
특히 경상대는 수의과대학과 동물의료원 시설을 갖춘 도내 유일한 거점 대학으로서 길고양이를 방치할 것이 아니라 더 체계적인 관리 방안을 모색해야 할 책임이 전가되면서 비판을 자초했다는 지적이 따른다.

게다가 지난달 20일 경상대 수의대와 동물의료원이 (사)동물사랑연대 고사모(고양이를 사랑하는 모임)와 유기동물 복지와 보호를 위한 업무협약(MOU)을 체결한 사실이 알려지면서 동물보호단체로부터 강한 반발을 사고 있다.

정치권에서도 지난 4일 1000만 반려인 시대를 맞아 ""동물은 물건이 아니다""라며 민법 개정안을 이달중 심사처리할 것을 여·야간 합의까지 한 상태다.

(사)동물사랑연대 고사모(고양이를 사랑하는 모임) 김석수 이사장은 ""캣맘들이 수년째 자비로 밥을 주고 시설물을 마련해 길고양이를 돌봐주는 것은 물론 중성화 수술 등을 통해 개체수 감소에도 최선을 다하고 있었다""며 ""불현듯 학교측이 사료를 주지 말고 시설물을 철거하라면 길고양이들의 생명은 누가 담보하느냐""고 분통을 터뜨렸다.

지난 4일 고사모 회원들과 경상대 캠퍼스를 찾았다. 회원들은 이전과는 달리 길고양이들의 모습을 많이 찾아볼 수가 없다며 허탈함을 감추지 못하고 한숨을 내쉬었다.

캣맘들이 주기적으로 돌볼 땐 이곳엔 15여마리가 생활하고 있었지만 이날은 2~3마리 정도만 찾아볼 수 있었다. 이들은 행여나 길고양이들의 학대 행위가 행해지지 않았는지 내심 불안감을 감추지 못했다.

이날 길고양이에 따른 학교측의 피해 흔적은 전혀 찾아볼 수 없었다.

지난 4일 진주 경상대 캠퍼스에서 발견한 길고양이. 동물보호단체 회원들은 길고양이가 이전의 모습을 잃어버린 것 같다며 아쉬움을 드러냈다./사진=머니S 임승제 기자
반발은 여기서 그치지 않는다. 일부 교수들도 학교측의 대처에 한목소리로 비판했다.

길고양이를 직접 돌보고 있다는 A교수는 ""길고양이에 대한 학교측의 피해가 전혀 없는 상태인데도 굳이 급식을 중단하고 시설물을 철거하라고 하는 것에 대해 납득할 수 없다""고 말했다.

특히 ""거점 국립대로 수의대가 있는 대학으로서 길고양이에 대한 인식이 너무 부족한 것 같아 의아하다""고 덧붙였다.

또 다른 B교수는 ""다른 대학도 아니고 수의대와 동물의료원 시설을 갖추고 있는 거점 대학으로서 길고양이에 대해 밥 주기를 가로막고 시설물 철거를 강요한 것은 '동물학대' 논란을 자초한 것 같다""고 비판했다.

한 수의학과 교수는 ""잘못돤 것은 맞다. 총장을 비롯한 관련 교직원에게 건의하고 충분히 협의해 보겠다""고 밝혔다.

이에 대해 학교측은 '동물학대' 논란에 대해서는 선을 그었다.

동물보호단체들의 시설물 철거 강요 주장에 대해 관계자는 ""일부 학생들의 민원이 제기돼 조치한 상황이며, 국립대는 국유재산으로서 외부인이 캠퍼스내에 적치물을 설치하는 행위는 적절하지 않은 것 같아 철거를 요청했다""고 해명했다.

이어 ""캣맘들에게 적치물을 자진해서 철거하라고 안내를 한 것이지 강요한 것은 사실이 아니다""고 강조했다."
https://n.news.naver.com/mnews/article/032/0003217023?sid=102,"황성진 유기동물보호협회 대표 “산불 휩쓴 자리, 댕댕이들이 ‘희망의 씨앗’ 뿌려요”",몸에 작은 주머니를 매달고 산불 재해 지역을 누비는 ‘댕댕이’들이 있다. 개들이 움직일 때마다 그물망 주머니에서 더덕·도라지 등의 씨앗이 땅에 떨어지는데 한 번 활동에 나서면 40여마리가 함께한다. 화마가 휩쓸고,"‘산타독 프로젝트’ 봉사활동 첫선
주민들 요청 따라 더덕·도라지씨 등 몸에 주머니 매달고 뿌려
작년 4월부터 강릉 등에서 활약…“상처 회복에 도움 됐으면”
황성진 한국유기동물보호협회 대표는 “산타독 프로젝트를 통해 자연을 복구하고 반려견 문화를 제대로 알리려면 지자체들의 적극적인 참여가 필요하다”고 말했다. 조태형 기자


몸에 작은 주머니를 매달고 산불 재해 지역을 누비는 ‘댕댕이’들이 있다. 개들이 움직일 때마다 그물망 주머니에서 더덕·도라지 등의 씨앗이 땅에 떨어지는데 한 번 활동에 나서면 40여마리가 함께한다. 화마가 휩쓸고 간 황폐한 산과 들을 신나게 뛰어다니며 희망의 씨앗을 뿌리는 ‘산타독’들의 봉사활동이다.

산타독 프로젝트는 황성진 한국유기동물보호협회(AHA) 대표(51)가 국내에서 처음으로 선보였다. ‘타버린 산을 타는 개’라는 의미를 담은 산타독 이름도 황 대표가 직접 지었다.

지난 10일 서울 송파구에 있는 협회 사무실에서 만난 황 대표는 “반려견 봉사 하면 ‘견사 청소’를 주로 떠올리는데 새로운 형태의 봉사 문화를 만들고 싶어 산타독 프로젝트를 시작했다”며 “개들은 자유롭게 뛰어다닐 수 있고 땅에 떨어진 씨앗은 산의 재생을 돕는다”고 말했다.

황 대표는 사회관계망서비스(SNS)에 올라온 사진을 보고 산타독을 고안했다. 당시 사진은 2017년 칠레에서 발생한 산불로 손상된 숲을 살리기 위해 반려견들에 씨앗 가방을 매달고 산불 피해 지역을 뛰어다니게 한 모습이었다.

한국에서도 최근 산불 소식이 끊이지 않고 있다. 황 대표는 산불이 휩쓸고 간 자연과 지역 주민들의 상처 치유에 조금이라도 도움이 되길 바라는 마음에 산타독 프로젝트를 기획했다.

산타독들이 불탄 산과 들을 뛰어다니며 활동하고 있다. 한국유기동물보호협회 제공


산타독 프로젝트는 2020년 10월 강원 강릉의 한 야산에서 시작해 지난해 4월부터 본격적으로 진행하고 있다. 현재까지 강릉과 고성, 경북 안동 등 산불 재해 지역에 씨앗을 뿌렸다.

자원봉사자는 협회 홈페이지와 SNS를 통해 모집하는데 공고 10여분 만에 마감될 정도로 참여율이 높다. 반려견이 넓은 장소에서 맘껏 뛰어놀 수 있는 데다 재해 지역에도 도움이 돼 반려인들의 만족도가 높다고 황 대표는 전했다.

“초반에는 안전을 위해 전문가들을 초빙해 반려견들의 사회화 과정을 점검하고, 마을 주민이 개에 물리거나 참가자가 반려견을 잃어버리는 일이 없도록 울타리를 치기도 했어요. 지금은 어느 정도 횟수가 쌓여 운영에 자신감이 생겼어요.”

산타독들이 뿌리는 씨앗은 주민들 요청에 따라 도라지와 더덕·버섯 등으로 정했다. 이들 씨앗은 2년 뒤에는 채취할 만큼 자라 주민들의 부수입원이 될 수 있다.

산타독들이 불탄 산과 들을 뛰어다니며 활동하고 있다. 한국유기동물보호협회 제공


황 대표는 흩뿌린 씨앗들이 제대로 자라는지를 확인하기 위한 실험도 준비하고 있다. 올해 강릉시 옥계면 일대에서 반려견과 드론이 각각 도라지 씨앗을 뿌리고 2년 뒤 얼마나 잘 자라는지를 살펴본다는 계획이다.

황 대표는 “올해는 산타독 프로젝트를 10회 정도 진행할 예정인데 산을 선정하고 주민들의 협조를 구하는 것이 쉬운 일이 아니다”라며 “자연 복구뿐 아니라 산불에 대한 경각심과 반려견 문화를 제대로 알릴 수 있도록 지방자치단체들의 적극적인 참여가 필요하다”고 말했다.

황 대표는 산타독 외에 올해 협회에서 준비 중인 다양한 활동에도 관심을 부탁했다. 우선 다음달 문을 여는 온라인 플랫폼을 통해 동물 관련 단체들이 서로 소통할 수 있는 허브 역할을 해나가겠다고 했다. 경기 안성시 일죽면에 2만3140㎡(7000여평) 규모의 반려동물 테마파크도 조성 중이다. 개가 주인공인 ‘오구영화제’ ‘댕댕이 가요제’ 등 참여 프로그램과 댕댕이 수영장·온천 등 시설도 위탁 운영한다는 계획이다.

황 대표는 “즐거운 반려 문화를 알리고 반려인들이 참여할 수 있는 다채로운 콘텐츠를 만들어 보급할 계획”이라며 “지자체와 동물 관련 단체들이 시도해볼 수 있는 새로운 문화를 선도하는 역할을 하겠다”고 말했다."
https://n.news.naver.com/mnews/article/082/0001207260?sid=102,"부산 강아지 장례식장 펫로스케어, 부산여대 동물보건과와 산학협력 체결","부산 강아지 장례식장 펫로스케어(대표 조중헌)는 12일 부산여자대학교(총장 정영우)와 산학협력 협약식을 체결했다. 이날 협약식에는 펫로스케어 조중헌 대표와 홍주명 팀장, 부산여대 동물보건과 백승욱 학과장과 김상수","부산 강아지 장례식장 펫로스케어(대표 조중헌)는 12일 부산여자대학교(총장 정영우)와 산학협력 협약식을 체결했다.

이날 협약식에는 펫로스케어 조중헌 대표와 홍주명 팀장, 부산여대 동물보건과 백승욱 학과장과 김상수 교수가 참석했다.

이날 협약을 통해 펫로스케어는 부산여대 동물보건과의 산학연 연계 주문식 교육 과정을 이수한 학생에 대한 채용을 약속했다.

조 대표는 ""이번 협약으로 생명을 존중하는 전문 인력 양성에 더욱 힘쓰겠다""고 전했다.

한편, 부산여대 동물보건과는 현장과 동일한 '미러형 동물병원 실습실'을 구축해 양질의 교육 환경을 제공, 체계적인 이론 교육과 실습 교육으로 반려동물을 사랑하고 생명의 존엄성을 중시하며, 전문적인 지식과 실무능력을 갖춘 반려동물 전문가 양성을 목표로 하고 있다."
https://n.news.naver.com/mnews/article/119/0002702383?sid=103,“‘아저씨’에서 당당히 스태프로”…위험천만 촬영장에 필요한 ‘전문가’ [미디어와 동물권②],"“갑자기 다가오지 말고, 시간이 걸리더라도 천천히 다가와 주세요. 저에게는 첫인상이 제일 중요해요! 다짜고짜 손을 내밀지 말고, 저의 귀나 코 근처를 봐주세요.” 영화 ‘소울메이트’ 촬영 현장에서는 민용근 감독을","“‘강아지가 우선’” 강조한 영화 ‘멍뭉이’
드라마, 광고 현장 등 사각지대는 우려
[데일리안 = 장수정 기자] “갑자기 다가오지 말고, 시간이 걸리더라도 천천히 다가와 주세요. 저에게는 첫인상이 제일 중요해요! 다짜고짜 손을 내밀지 말고, 저의 귀나 코 근처를 봐주세요.”

영화 ‘소울메이트’ 촬영 현장에서는 민용근 감독을 비롯해 모든 스태프, 배우들이 함께 지켜야 하는 몇 가지 수칙들이 있었다. 주인공의 어린 시절을 연기한 아역 배우 김수형, 류지안을 향한 당부와 이들과 함께 등장하는 고양이 마루를 향한 주의사항이 모두에게 적용됐던 것이다. 앞서 언급한 두 가지 수칙 외에도 ‘이제 저랑 몇 번 얼굴을 마주쳤다면, 제 눈높이에서 저에게 말을 걸어주세요’ 등 마루의 특성을 고려한 섬세한 당부들이 이어졌다.

ⓒ영화 '멍뭉어' '소울메이트' 스틸
마루는 등장할 때마다 시선을 강탈하며 ‘소울메이트’만의 따뜻한 분위기를 더하지만, 그리 큰 비중을 차지하지는 않았다. 이에 ‘소울메이트’는 단순히 중요한 캐릭터를 보호하기 위함이 아닌, 현장에 있는 동물이 당연하게 보호받아야 할 권리를 다시금 되새겼다는 데 의미를 남겼다.

반려동물 인구가 1500만 명이 이르는 현재. 동물 또한 인권에 비견되는 권리를 가지고 있다는 ‘동물권’에 대한 인식이 점차 높아지고 있다. 물론 여전히 갈 길은 멀다. 그러나 이런 분위기는 동물이 등장하는 영화 또는 드라마들의 촬영 과정까지도 평가의 대상이 되는 쪽으로 확산하고 있다.

“지금은 동물들을 배려하고, 보호해야 한다는 인식들이 생겨났다”는 것이 다수의 의견이었다. 감독을 비롯해 메인 스태프들은 물론, 함께하는 수많은 스태프들까지. 자연스럽게 동물권에 대한 인식이 성장한 결과였다. 한 영화 제작사 관계자는 “아역들이 예전에는 현장에서 혼도 나면서 촬영을 했지만, 지금은 그런 모습을 찾아볼 수 없지 않나. 동물들 역시 마찬가지다. 이제는 인식들이 많이 변했다. 사극 영화에 등장하는 말들도 현장에서 전문가들이 함께 동행해 케어를 해 주신다”라고 말했다.

동물이 주인공인 영화에서는 소화해야 하는 분량도, 연기 난이도도 높아지는 만큼 더욱 철저한 관리를 받고 있다. 두 형제가 사랑하는 반려견 루니의 완벽한 집사를 찾기 위해 면접을 시작하며 만남을 이어가는 이 작품은 주인공 형제를 연기한 유연석, 차태현 외에도 루니를 비롯한 여러 강아지들이 주인공으로 등장한다.

이에 10년 이상 견공들의 콘텐츠 출연 및 촬영을 관리해 온 동물 에이전시 퍼펙트독의 권순호 대표가 이 영화에 등장하는 강아지들을 전부 책임졌다. 연기 지도는 물론, 현장의 날씨 및 카메라의 위치 등 여러 환경들을 고려해 강아지들이 최적화된 환경에서 촬영을 할 수 있도록 케어했다. 더운 여름에는 강아지들의 한낮 촬영을 배제했으며, 이들이 30분 이상 밖에 머무르지 않도록 촬영 시간을 최소화하는 등 그들의 스트레스까지도 꼼꼼하게 신경을 썼다.

물론 과거에도 동물들이 주인공인 작품에서는 전문가가 함께 동행해 여러 배려를 받으며 촬영하기는 했으나, 이번처럼 ‘슈퍼바이저’로 불리며 촬영 전 장소 헌팅까지 동행한 것은 드문 일이었다. 강아지가 촬영하기에 위험한 부분은 없는지, 프리 프로덕션 단계부터 함께하며 여러 요소들을 살핀 것이다.

권 대표는 “이번에는 감독님이나 제작진분들이 저와 같은 마음이었다. 모두가 ‘강아지를 우선시해야 한다’고 오히려 제가 요청을 받았다. 그런 마음들이 있어야 가능한 것”이라며 “과거에는 현장에서 ‘아저씨’라고 불리기도 했다. 그런데 이번에는 나의 역할이 ‘슈퍼 바이저’라고 해주시더라. 촬영 감독, 조명 감독, 미술 감독처럼 나도 한 명의 메인 스태프가 된 것이다. 강아지 연기 지도자라고 크레딧에 올라가곤 하지만, 사실 그냥 강아지를 지도하고, 돌보는 것과 ‘촬영 현장에서’ 강아지를 책임지는 것은 분명히 다르다”라고 전문가의 역할을 강조했다.

다만 이렇듯 시간과 공을 들여 촬영하는 영화 현장이 아닌, 적은 인력이 바쁘게 돌아가는 소규모 영화나 또는 쪽대본과 싸움하며 겨우 송출 시간을 맞추는 드라마 또는 동물에게 특정한 역할을 부여하는 것이 아닌, ‘예쁜 그림’을 원하는 광고 등 동물들이 배려받지 못하는 사각지대도 존재했다.

한 광고 관계자는 “광고 촬영의 경우 SNS를 통해 섭외를 하기도 한다. 이 경우 보호자가 동행하는데, 때에 따라선 보호자가 현장에 들어가지 못하는 경우도 생긴다. 만약 현장에 능숙한 전문가가 있었다면 ‘안 된다’고 했겠지만, 사정을 모르는 일반인들은 그냥 수용을 하게 된다. 동물을 괴롭히진 않더라도 섬세한 배려가 동반되지 못해 스트레스를 받을 것 같다는 생각을 한 적이 있다”고 말했다. 권 대표 또한 “촬영 현장에는 현장과 동물을 잘 아는 전문가가 필요하다. 동물들의 가능한 연기가 어디까지인지, 그럴 때 카메라 위치는 어떻게 돼야 하는지 등 전문가라서 알 수 있는 부분들이 있다”고 지적했다."
https://n.news.naver.com/mnews/article/003/0011800933?sid=100,"野 김민석 ""개식용 방지법 추진…손흥민 차별 예방법""","기사내용 요약 ""아이보다 반려동물 사진 더 많아"" ""대통령실 적극 협조할 거라 믿어"" [서울=뉴시스] 심동준 여동준 홍연우 기자 = 김민석 더불어민주당 정책위의장이 개식용 방지법을 추진하겠다고 밝혔다. 김","기사내용 요약
""아이보다 반려동물 사진 더 많아""
""대통령실 적극 협조할 거라 믿어""
[서울=뉴시스] 고범준 기자 = 더불어민주당이 13일 서울 여의도 국회에서 정책조정회의를 열고 있다. 2023.04.13. bjko@newsis.com
[서울=뉴시스] 심동준 여동준 홍연우 기자 = 김민석 더불어민주당 정책위의장이 개식용 방지법을 추진하겠다고 밝혔다. 김 정책위의장은 해당 법안에 대해 '손흥민 차별 예방법' 등으로 지칭했다.

김 정책위의장은 13일 민주당 정책조정회의에서 ""개식용 문제의 획을 그을 때가 됐다""며 ""반려동물 시대, 한류 시대이며 부산 엑스포 추진 및 각종 대형 행사가 줄 잇는 상황""이라고 말했다.

이어 ""손흥민에 대한 채별과 야유 소재가 된 빌미도 근절해야 한다""며 ""아이와 찍은 사진보다 반려동물과 찍은 사진을 SNS에 더 많이 올리는 시대에 개식용 논란은 끝내야 한다""고 했다.

그러면서 ""개 불법 사육, 도축, 식용을 금지하고 관련 상인의 안정적인 전업을 지원하는 특별법을 발의하고 통과시킬 것""이라고 밝혔다.

나아가 ""손흥민 차별 예방법이라고도 볼 수 있겠다""고 자평하면서 ""국격을 높이기 위한 사회적 합의를 만들어 가는데 정부여당, 특히 대통령실도 적극 협조할 것이라 믿는다""고 말했다．"
https://n.news.naver.com/mnews/article/009/0005115807?sid=102,"취업준비생 10명 중 6명, ‘이것’ 중요하게 생각한다",취업준비생들은 출근과 재택근무 병행이 가능하고 점심을 제공하는 기업을 선호하는 것으로 나타났다고 취업 플랫폼 잡코리아가 13일 밝혔다. 잡코리아는 최근 신입직 구직자 911명을 대상으로 취업하고 싶은 기업 유형을,"채용공고. 자료사진, 기사와 무관. [사진출처 = 연합뉴스]
취업준비생들은 출근과 재택근무 병행이 가능하고 점심을 제공하는 기업을 선호하는 것으로 나타났다고 취업 플랫폼 잡코리아가 13일 밝혔다.

잡코리아는 최근 신입직 구직자 911명을 대상으로 취업하고 싶은 기업 유형을 설문한 결과 이같이 나타났다고 말했다.

이상적인 근무 유형으로는 재택과 출근을 병행하는 하이브리드 근무 제도 시행을 꼽은 응답자가 64.7%로 3분의 2가량을 차지했다. 전사 사무실 출근(9.9%)이나 100% 재택근무(5.7%)에 대한 선호도는 모두 10% 미만이었다.

원하는 기업 복지(복수응답)는 중식 제공(62.0%)이 가장 많았고 당일 휴가·반차 사용 허용(52.5%), 자율출퇴근제 시행(48.7%) 등이 뒤를 이었다. 해외 워크숍·세미나 참석 기회 제공(18.4%), 사내 어린이집 운영(15.1%), 반려동물과 함께 출근 허용(4.6%) 등은 상대적으로 순위가 낮았다.

근무 장소로는 종로 3가, 고속터미널 등 지하철 요충지(28.9%)나 광화문, 여의도 등 오피스 밀집 지역(26.7%)을 선호하는 응답자가 절반 이상이었다.

이상적인 임직원 규모는 직원 수 100여명이 37.4%로 가장 많았다. 이어 300여명(23.4%), 50명 이하(20.9%), 500명 이상(18.3%) 순이었다."
https://n.news.naver.com/mnews/article/015/0004831947?sid=104,"'마약왕'이 키우던 하마, 콜롬비아 애물단지로…차량 충돌까지",콜롬비아 '마약왕'의 반려동물로 사랑받으며 자랐던 하마들이 지역 주민들의 안전을 위협하는 '애물단지'로 전락했다. 12일(현지시간) AFP 통신과 콜롬비아 일간지 엘티엠포 등에 따르면 콜롬비아 환경당국은 파블로,"콜롬비아 애물단지가 된 하마/사진=AP


콜롬비아 '마약왕'의 반려동물로 사랑받으며 자랐던 하마들이 지역 주민들의 안전을 위협하는 '애물단지'로 전락했다.

12일(현지시간) AFP 통신과 콜롬비아 일간지 엘티엠포 등에 따르면 콜롬비아 환경당국은 파블로 에스코바르에 의해 불법 반입된 하마에서 번식한 하마 중 한 마리가 고속도로에서 차량과 부딪쳐 죽었다고 밝혔다.

1톤 무게의 하마는 전날 저녁 수도 보고타와 메데인을 잇는 도로에 뛰어들었다가, 인근을 지나던 스포츠유틸리티 차량(SUV)과 충돌한 것으로 조사됐다. 차량 탑승자는 크게 다치지 않았다.

파블로 에스코바르는 1980년대 마약 조직 '메디인 카르텔'을 이끌며 코카인을 밀수해 세계 7위 부자까지 이름을 올린 '마약왕'이다. 에스코바르는 당시 메데인 외곽 초호화 저택에 살며 동물원을 만들어 이국적인 동물을 수입해 키웠다. 하마도 그중 하나였다.

에스코바르는 1993년 정부에 의해 사살됐고, 하마는 인근 마그달레나 강 유역에 방치됐다. 콜롬비아 정부에 따르면 현재 하마 130마리 이상이 안티오키아주 메데인 시내에서 동쪽으로 20km 떨어진 강에 집단 서식하고 있다. 에스코바르는 4마리의 하마를 들여왔는데, 천적이 없는 환경에서 빠르게 번식하면서 개체수는 160마리까지 늘어났다는 집계도 나오고 있다.

외래종인 하마 수가 늘어나면서 배설물 등이 부정적인 영향을 미치는 등 생태계를 교란한다는 지적도 나왔다. 학술지 네이처에는 이 하마의 개체 수가 20년 안에 1500마리로 급증할 수 있다는 논문이 등록되기도 했다. 논문에는 하마의 배설물이 강의 산소농도에 부정적인 영향을 미쳐 어류 생태계뿐 아니라 주민들까지 위협할 수 있다는 내용도 담긴 것으로 알려졌다.

실제로 하마로 인해 마그달레나 강 유역의 수질이 오염되고, 물고기가 집단 폐사하는 피해가 발생했다.

우려가 커지자 안티오키아주는 하마 개체수 조절을 위해 중성화 수술이나 피임 화살을 쏘는 방식을 도입했지만, 큰 성과는 보지 못했다.

결국 지난달 29일에는 하마 70마리를 이주시킨다는 계획을 발표하기도 했다. 하마 10마리는 멕시코 오스토크 동물 보호구역으로, 나머지 60마리는 인도의 또 다른 동물 보호구역으로 보내는 것을 골자로 한다.

당국은 하마를 아프리카의 야생으로 돌려보낼 경우 적응에 어려움을 겪고 또 다른 생태계 교란을 초래할 수 있다고 판단해 보호구역행을 선택했다. 하마 이주에 필요한 물품과 항공편을 조달하기 위해 총 350만달러(약 45억원)의 예산이 투입된다."
https://n.news.naver.com/mnews/article/003/0011801206?sid=102,1인 가구 프로그램 서울 전 자치구 확대…총 180개 운영,기사내용 요약 쓰레기 줄이는 법·보이스 피싱 예방법 등 다양 서울시는 1인 가구의 관심사와 특성을 반영한 180개 온·오프라인 프로그램을 선보인다고 13일 밝혔다. 올해 25개 전 자치구로 확대된 1인 가구,"기사내용 요약
쓰레기 줄이는 법·보이스 피싱 예방법 등 다양
[서울=뉴시스]중랑구 원예프로그램.(사진=서울시 제공) *재판매 및 DB 금지


[서울=뉴시스] 권혁진 기자 = 서울시는 1인 가구의 관심사와 특성을 반영한 180개 온·오프라인 프로그램을 선보인다고 13일 밝혔다.

올해 25개 전 자치구로 확대된 1인 가구 지원센터 프로그램은 문화·취미·여가는 물론 경제범죄 예방, 심리 건강, 일상생활 정보까지 다양하게 구성됐다. 손쉽게 쓰레기 줄이는 법, 보이스 피싱 등 경제범죄 예방법, 기본양념 만드는 법, 돈 아끼는 셀프 집수리 방법, 반려동물 산책 매너 및 간식 훈련법 배우기 등이 1인가구를 찾아간다.

재무관리, 간단 집수리 방법 등 맞춤형 컨설팅을 제공하고 건강관리(신체, 심리)와 여가 선용 등 1인 가구의 관심과 수요가 높은 분야는 시리즈로 기획했다.

일상회복에 발맞춰 1인 가구 간 교류 활성화를 위해 대면·체험 활동 위주로 프로그램을 편성한 것도 특징 중 하나다.

지난해 진행했던 프로그램 중 참여자 만족도 및 호응이 높았던 것들은 구성과 수준을 높이고 참여 인원을 확대했다.

대표적으로 ▲저자와의 대화를 통한 자기표현 글쓰기(강남구) ▲반려동물 인식개선 캠페인 및 행동교정 교육(광진구) ▲반려 식물 키우는 방법과 심리코칭을 통한 정서 안정(관악구) ▲걷기 코칭 및 걷기대회 개최(성동구) ▲자립준비청년 대상 심리검사 및 심리치료(은평구) 등이다.

그동안 상대적으로 프로그램 참여율이 낮았던 중장년 1인가구를 위해서는 맞춤형 사회관계망 프로그램, 일명 '우리동네 보물지도 제작'을 도입한다.

모임을 구성해 동네 맛집이나 반찬가게 등을 탐방한 뒤, 이용 편의성과 맛 등을 평가하고 기록으로 남겨 다른 1인 가구가 공유하는 방식으로 사회공헌에 기여한다.

또한 고시원 등 주거 취약지역과 중장년 밀집지역을 중심으로 취약 1인 가구를 발굴해 반찬·식사 지원, 나들이, 문화체험 및 디지털 교육 등으로 자립을 지원하는 사업도 진행한다.

이 프로그램은 서울에 사는 1인 가구 누구나 참여할 수 있다. 자치구별 세부 프로그램 및 자세한 접수 일정 및 신청 방법은 서울시 1인가구포털(https://1in.seoul.go.kr)이나 해당 1인가구지원센터에서 확인할 수 있다.

김선순 서울시 여성가족정책실장은 ""1인 가구 누구나 집과 가까운 곳에서 부담 없이 다양한 프로그램을 무료로 이용할 수 있도록 수요자 맞춤형 프로그램을 지속적으로 개발해 제공할 계획""이라고 말했다．"
https://n.news.naver.com/mnews/article/421/0006745140?sid=101,"BYC, 항균 개리야스 '데오니아' 출시",BYC(001460)는 반려동물 라이프스타일 브랜드 로다와 반려견을 위한 항균 개리야스 데오니아를 출시한다고 13일 밝혔다. BYC 항균 개리야스 데오니아는 민감한 피부 타입의 반려견을 위해 천연소재에 항균 기능을,"로다와 BYC 협업해 신제품 선보여…5월 킨텍스 박람회 참가
BYC는 반려동물 라이프스타일 브랜드 로다와 반려견을 위한 항균 개리야스 데오니아를 출시한다.(BYC제공)


(서울=뉴스1) 김진희 기자 = BYC(001460)는 반려동물 라이프스타일 브랜드 로다와 반려견을 위한 항균 개리야스 데오니아를 출시한다고 13일 밝혔다.

BYC 항균 개리야스 데오니아는 민감한 피부 타입의 반려견을 위해 천연소재에 항균 기능을 추가했다. 데오니아는 항균기능이 있는 특수 원단을 사용해 세균 증식을 억제하는 BYC 메리야스 제품으로 반려견용 제품은 고품질 원단으로 동일하게 제작했다. 쾌적하고 위생적인 100% 고급 순면은 피부에 자극이 적고 여러 번 세탁해도 형태의 변형이 적다.

신제품 데오니아는 기존 기능성 쿨런닝과 비교해 크롭에서 보통 기장으로 스타일에 변화를 줘 다양한 체형이 모두 소화할 수 있도록 했다. 베이직한 디자인에 레이스 디테일을 더해져 사계절 내의나 단독으로 입히기 좋다. 여유 있는 암홀과 조임을 최소화한 공정으로 불편함 없이 반려견의 활동성을 높였다.

제품은 다양한 체형의 반려견들이 입을 수 있도록 S사이즈부터 4XL사이즈까지 다양하게 준비했다.

해당 제품은 17일부터 BYC 직영점과 공식 온라인 쇼핑몰, 스마트스토어 그리고 로다 자사몰과 스마트스토어에서 판매된다. 5월19~21일 킨텍스에서 열리는 '2023 메가주 일산'에 참가할 예정이다.

BYC는 지난해 5월 반려견용 기능성 쿨런닝 개리야스를 출시해 반려인들의 관심을 한 몸에 받았다. 출시 나흘만에 온라인몰과 전 제품이 모두 품절됐다. 일산에서 열린 '케이펫페어'에서도 완판되어 리오더에 들어갔다. 그해 10월 선보인 반려견용 FW 제품 3종 또한 사전예약이 조기 마감되는 등 빠르게 소진됐다.

BYC 관계자는 ""사계절 내내 편하게 활동할 수 있도록 반려견을 위한 런닝을 준비했다""며 ""천연소재에 항균기능이 추가된 반려견용 데오니아로 위생적이고 쾌적한 생활에 도움이 되길 바란다""고 말했다."
https://n.news.naver.com/mnews/article/003/0011801340?sid=102,"안양시, 서울대 관악수목원 4월15일~5월7일 개방",경기 안양시는 서울대학교가 출입 통제한 관내 만안구 예술공원로 280 관악수목원의 산책로 일부 구간을 오는 15일부터 다음 달 7일까지 개방한다고 13일 밝혔다. 개방코스는 정문에서부터 후문까지다. 봄의 정취를,"개방 안내도.


[안양=뉴시스] 박석희 기자 = 경기 안양시는 서울대학교가 출입 통제한 관내 만안구 예술공원로 280 관악수목원의 산책로 일부 구간을 오는 15일부터 다음 달 7일까지 개방한다고 13일 밝혔다. 개방코스는 정문에서부터 후문까지다.

봄의 정취를 느낄 수 있도록 개화기에 맞춰 개방하는 가운데 그간 ‘비밀의 숲’으로 베일에 싸였던 진달래길, 소잔디원, 수생식물원, 관목원, 참나무속 관찰로, 무궁화원 등 다양한 산책로와 주변 환경을 개방한다.

특히 안양시는 아름다운 고목의 중앙로를 비롯해 수련, 왜개연꽃 등 수생식물과 꽃창포, 노루오줌 등 수변식물을 관찰할 수 있는 ‘수생식물원’, 120여 종 낮은 키 나무들을 관찰할 수 있는 ‘관목원’ 탐방을 추천한다.

또 우리나라 10여 종의 참나무속 나무들이 만든 ‘참나무속 관찰로’도 이에 포함한다. 개방 시간은 오전 9시부터 오후 5시 30분까지이며 입장은 오후 5시까지만 허용된다.

지난해 가을 임시 개방한 관악수목원 풍경.
안양시는 개방 첫날인 15일 오후 2시 수목원 내 어울림마당에서 ‘서울대학교 관악수목원 봄철 시범 개방 행사’를 연다. 개방 기념식과 산림치유·목공 체험 행사를 진행한다.

체험행사는 이날 오전 10~12시, 오후 2~4시에 진행하며, 시민 누구나 무료로 참여할 수 있다. 수목원 측은 산림보호를 위해 음주 및 취식행위, 흡연 및 화기사용, 반려동물 입장, 식물 훼손 및 채취, 개인용 이동장치 반입을 금지한다.

한편 총면적 1554ha에 이르는 관악수목원은 국유재산 무상양도 문제가 해결되지 않으면서 전면 개방이 미뤄지고 있는 가운데 다양한 식물과 나무가 자라는 것으로 알려지면서 일명 ‘비밀의 화원’으로 불리고 있다."
https://n.news.naver.com/mnews/article/421/0006745068?sid=101,"투썸플레이스, 펫 프렌들리 매장 대구수성못점 오픈",투썸플레이스는 투썸플레이스 대구수성못점을 오픈한다고 13일 밝혔다. 투썸플레이스 대구수성못점은 자연을 품은 도심 속 호수 공원으로 알려진 수성못에 위치해 있다. 넓은 공간과 아치형 인테리어로 여유롭고 모던한,"투썸플레이스 대구수성못점.(투썸플레이스제공)


(서울=뉴스1) 김진희 기자 = 투썸플레이스는 투썸플레이스 대구수성못점을 오픈한다고 13일 밝혔다.

투썸플레이스 대구수성못점은 자연을 품은 도심 속 호수 공원으로 알려진 수성못에 위치해 있다. 넓은 공간과 아치형 인테리어로 여유롭고 모던한 분위기를 자아낸다. 아침 운동, 산책, 야경을 즐기러 오는 다양한 고객들을 맞이할 예정이다.

1층 입구에 펫 파킹 존, 2층 외부 테라스에 펫 프렌들리 존을 통해 반려동물과 함께 즐길 수 있는 공간을 마련했다.

투썸플레이스 대구수성못점에서만 만날 수 있는 브런치 메뉴 6종도 선보인다.

멜팅 크림 초콜릿 마운틴 플래터는 대구 지역의 명소인 팔공산을 모티브로 했다. 부드러운 생크림이 풍성하게 올라간 달콤한 초콜릿 케이크 산과 초콜릿 소스를 함께 제공하는 디저트다.

에스프레소 티라미수 마운틴 플래터 또한 팔공산을 모티브로 산처럼 쌓아 올린 촉촉한 티라미수와 함께 에스프레소를 제공해 진한 커피의 맛을 즐길 수 있다. 스윗 레어 치즈 플래터는 수성못 풍경을 모티브로 한 새하얀 크림 연못 위 딸기 레어 치즈와 바삭한 크럼블이 조화를 이루는 비주얼이 특징이다.

오늘의 샌드위치 플래터는 매일 바뀌는 샌드위치와 홈메이드 샐러드로 구성돼 투썸의 다양한 샌드위치와 샐러드를 맛볼 수 있다.

투썸플레이스 관계자는 ""수성못 인근 풍광과 함께 커피 한 잔의 여유를 즐길 수 있는 새로운 브런치 명소이자 반려동물과 함께 편안한 휴식을 즐길 수 있는 장소가 되길 바란다""며 ""고객 라이프스타일을 반영한 경험을 제공할 수 있는 다양한 공간을 선보이겠다""고 말했다."
https://n.news.naver.com/mnews/article/215/0001095192?sid=101,"""살림살이 팍팍해""…넷플릭스 등 구독해지 '봇물'",온라인 동영상(OTT)에서부터 음식에 이르기까지 다양한 분야에서 활발히 이뤄지던 '구독 서비스'가 인기를 잃어 가고 있다고 12일(현지시간) 미국 일간 월스트리트저널(WSJ)이 보도했다. 개인 금융,"온라인 동영상(OTT)에서부터 음식에 이르기까지 다양한 분야에서 활발히 이뤄지던 '구독 서비스'가 인기를 잃어 가고 있다고 12일(현지시간) 미국 일간 월스트리트저널(WSJ)이 보도했다.

개인 금융 애플리케이션(앱) '로켓 머니'에 따르면 최근 2분기 연속으로 OTT를 비롯한 디지털 서비스 멤버십, 정기 음식 배달 등 서비스 구독을 취소한 건수가 신규 구독 건수보다 많았다.

또한 미국의 구독 서비스 분석업체 안테나는 지난해 넷플릭스와 훌루, HBO 맥스 등 OTT 구독 취소가 전년 대비 49％ 증가한 것으로 집계했다.

글로벌 밀키트 배달 전문 업체 헬로프레시도 최근 실적 발표에서 활성 이용자가 지난해 3분기 800만 명에서 4분기 710만 명으로 감소했으며 올해 상반기에는 더 줄어들 것으로 내다봤다.

구독 서비스 붐이 꺾인 데는 물가 상승 등 경제적 요인이 크다고 WSJ은 분석했다.

생필품 가격이 오르고 살림살이가 팍팍해지자 사람들이 구독해놓고 이용도 잘 하지 않고 있던 서비스를 가장 먼저 지출을 줄일 곳으로 여기게 됐다는 것이다.

핀테크 업체 크레딧 카르마의 지난해 12월 설문조사에 따르면 응답자 3분의 1은 잘 사용하지도 않는 구독 등 서비스에 정기적으로 돈을 지불했던 경험을 가장 큰 재정적 실수로 꼽았다.

시장조사 기관 C+R 리서치의 지난해 조사 결과에서는 미국인들이 매달 구독 서비스에 내고 있다고 생각하는 금액은 86달러(약 11만원)였는데, 실제로는 그보다 133달러(약 17만원)를 더 지출하고 있는 것으로도 나타났다.

구독 해지가 잇따르자 그간 서비스 확장에 나섰던 기업들은 비즈니스 모델을 바꾸고 있다.

일례로 강아지 용품 정기 배달을 앞세웠던 반려동물 물품 업체 '바크'는 노선을 틀어 비(非)구독 제품에 더 공을 들이기로 최근 결정했다.

2020년부터 매달 '이달의 고기'를 선정해 구독자 집으로 보내줬던 일리노이주 레스토랑 '소울 앤 스모크'도 수요가 급락한 이 서비스를 중단하기로 했다. 그 대신 손님이 직접 식당에 나와 음식을 먹는 공간을 확충하고 다양한 이벤트를 꾸리는 등 오프라인 사업에 집중하는 게 이 레스토랑의 계획이다.

(사진=연합뉴스)"
https://n.news.naver.com/mnews/article/030/0003090863?sid=101,"한국사회투자, 스타트업에 29억원 투자","한국사회투자(대표 이종익·이순열)는 지난해 24개 스타트업에 총 29억 원의 투자를 진행했다고 13일 밝혔다. 회사는 제로웨이스트샵 지구샵을 운영 중인 '피스온테이블', 실시간 건물 에너지 운영관리 서비스 리프를","한국사회투자 임원진 기념사진 촬영.(왼쪽부터 한국사회투자 이혜미 이사, 이종익 대표, 이순열 대표)

한국사회투자(대표 이종익·이순열)는 지난해 24개 스타트업에 총 29억 원의 투자를 진행했다고 13일 밝혔다.

회사는 제로웨이스트샵 지구샵을 운영 중인 '피스온테이블', 실시간 건물 에너지 운영관리 서비스 리프를 운영 중인 '씨드앤', 고성능 비발화성 수계 배터리 제조기업인 '코스모스랩' 등에 투자를 진행했다.

건강 및 복지 분야에서는 국내 최초 장애인 전문 엔터테인먼트 '파라스타엔터테인먼트', 시니어를 위한 라이프스타일 플랫폼 오뉴를 운영 중인 '로쉬코리아', 모바일 노안교정 및 시력 측정 솔루션 '픽셀로', 반려동물 질병진단 서비스 피터스랩을 운영 중인 '제너바이오' 등에 투자를 진행했다.

한사투는 지난해 대기업, 공기업 등 다양한 파트너와 함께 액셀러레이팅도 진행했다. 국민건강보험공단과 함께한 '건이강이 스케일업 액셀러레이팅 프로그램', IBK기업은행과 함께한 'IBK창공', 한국전력공사와 함께한 '에이블테크 사회적경제조직 혁신 솔루션 성장 지원 사업' 등이 있다.

한사투는 현재 100억원 수준인 운용자산(AUM)을 5년 내 10배로 확대할 계획이다. 개인투자조합은 1호부터 7호까지 운영하고 있다. 연내 8, 9호를 결성할 예정이다. 특히 올해 넷제로 테크 스타트업과 ESG 분야에 대한 투자를 중점적으로 진행할 계획이다.

이종익 한사투 대표는 “비영리 ESG, 임팩트투자사로서 관련 분야 스타트업에 투자를 지속적으로 확대해왔다”며 “올해 벤처투자조합 결성 등을 통해 투자 규모를 더욱 확대하며, 기후테크 및 제론테크 스타트업을 중심으로 투자를 늘려가겠다”고 말했다."
https://n.news.naver.com/mnews/article/119/0002702197?sid=101,"""신발관리기까지"" 삼성·LG 틈새시장서도 자존심 싸움",국내 가전 양대 산맥인 삼성전자와 LG전자가 신가전 시장에서 경쟁을 펼치고 있다. 가전 수요가 둔화된 시기 틈새 수요를 공략한다는 차원인데 양사는 기존 스테디셀러 제품 외에 신발관리기 등의 이색 가전 분야에서 시장,"삼성 '슈드레서', LG '스타일러 슈케어' 각각 출시
의류관리기 주도권 뺏겼던 삼성, 신발관리기 시장 선점 의지
비스포크 슈드레서 제품 이미지.ⓒ삼성전자
[데일리안 = 임채현 기자]

국내 가전 양대 산맥인 삼성전자와 LG전자가 신가전 시장에서 경쟁을 펼치고 있다. 가전 수요가 둔화된 시기 틈새 수요를 공략한다는 차원인데 양사는 기존 스테디셀러 제품 외에 신발관리기 등의 이색 가전 분야에서 시장 선점을 위해 맞불을 놓고 있다. 과거 '의류관리기'와 마찬가지로 기존에 없던 수요가 창출될지 업계는 주목하는 모습이다.

13일 업계에 따르면 삼성전자는 최근 2023년형 신발관리기 '비스포크 슈드레서'를 출시해 대대적인 홍보를 이어가고 있다. 삼성전자는 지난 2021년 탈취·건조·살균을 통해 신발을 최적의 상태로 관리해 주는 '비스포크 슈드레서'를 처음 선보이며 신발관리기 시장의 포문을 열었다. 올해 신제품의 경우 최대 네 켤레의 신발을 동시에 관리할 수 있는 등 사용성이 대폭 강화된 것이 특징이다.

신제품은 짧은 시간 안에 탈취 및 건조가 가능한 코스를 추가해 고객 선택의 폭을 넓혔다. 기존 제품에서 약 59분이 걸렸던 '외출 전 코스'가 35분짜리 '보송 케어 코스'로 시간이 단축돼 등교나 출근 등 바쁜 아침에도 빠르게 신발을 관리할 수 있다. 2시간짜리 '표준케어 코스'도 추가로 도입됐다.

LG전자 역시 지난달 31일 신발관리 솔루션 'LG 스타일러 슈케이스·슈케어'를 출시했다. 출시 계획을 밝힌 지 약 2년 만이다. LG전자의 신발관리기는 'IFA 2022'에서 공개돼 지난해 연내 출시가 유력해 보였지만, 품질에 초점을 맞추면서 출시가 다소 늦춰졌다.

LG스타일러 슈케이스는 신발 관리를 넘어서 예술 작품처럼 감상할 수 있는 신개념 전시함이라는 마케팅으로 차별화를 꾀하고 있다. 신발 케어 뿐만 아니라 보관 기능에도 초점을 둔 것이다. 의류관리기인 'LG 스타일러' 특허 기술인 트루스팀(TrueSteam), 미세한 습기와 냄새까지 제거하는 제오드라이필터(Zeo-Dry filter) 등 신발관리에 최적화된 혁신기술을 탑재했다.

이번 신발관리기 시장을 둘러싼 삼성전자와 LG전자의 경쟁은 TV와 냉장고 등 양대 가전 제조사의 소위 정통 가전 제품군의 수요 둔화와 연관이 있다. 주요 가전 시장이 침체를 겪으며, 업계가 이색 가전으로 활로를 찾고 있는 것이다. 시장조사업체 트렌드포스에 따르면 올해 글로벌 TV 출하량은 2억 대를 밑돌 것으로 예상된다.

LG전자가 신발을 제대로 관리·보관·감상하는 차세대 프리미엄 신발관리 솔루션 ‘LG 스타일러 슈케이스·슈케어’를 출시한다. 신제품을 함께 설치하면 하나의 제품처럼 매끄러운 일체형 디자인으로 쓸 수 있다.ⓒLG전자
아울러 LG전자가 의류관리기와 식물 재배 가전 등의 새로운 형태 가전을 앞세워 시장을 개척했다는 측면에서, 신가전은 불황을 돌파할 키로 꼽히는 추세다. 특히 의류관리기의 경우 LG전자가 처음 스타일러를 출시한 2011년과 비교해 현재 판매량은 30배 이상 늘어난 것으로 추정되고 있다. 국내 시장 규모도 코로나19·미세먼지 등의 영향으로 확장되는 추세다.

올해 업계가 제2의 의류관리기 시장으로 꼽는 곳은 신발관리기다. 인기 있는 물건을 비교적 싼 가격에 사서 비싸게 되파는 '리셀' 시장 규모가 점차 커짐에 따라 신발관리기에 대한 수요도 궤를 같이 할 것이란 측면에서다. 미국의 투자은행 코웬앤드컴퍼니는 글로벌 스니커즈 리셀 시장이 2019년 20억 달러(한화 약 2조4000억원) 규모에서 2025년 60억 달러(약 7조2천000억원)으로 3배 성장할 것으로 전망했다.

특히 눈길을 끄는 점은 의류관리기 시장을 개척했던 LG전자에 신가전 주도권을 빼앗겼던 삼성전자의 신발관리기 시장 선점이다. 업계 한 관계자는 ""스타일러라는 이름이 의류관리기의 고유명사로 자리잡을 정도로 의류관리기에서는 LG전자의 주도권이 앞서나갔다""면서 ""이에 삼성이 신발관리기에 선제적 공세를 취하면서 시장 확장에 공을 들이는 모습""이라고 전했다.

향후 이외에도 양사는 다양한 가전 제품군에서 격돌할 전망이다. 삼성전자는 지난달 펫 케어 기능을 강화한 2023년형 '비스포크 제트 봇 AI' 출시하며 펫팸족(Pet+Family) 시장을 공략하고 나섰다. 비슷한 시기 출시된 'LG 휘센 타워II' 역시 실내 온도가 특정값에 도달하면 집에 있는 반려동물을 위해 냉방 혹은 알람을 주는 등의 기능을 탑재했다.

업계 관계자는 ""엔데믹 이후 글로벌 경기 침체가 심화되며 가전 제조사들의 실적 하락이 이어지고 있다""며 ""기존 가전 시장은 어느 정도 침체기에 접어들어 수익성 개선이 당분간 어려울 것으로 본다. 의류관리기와 식기세척기가 신가전에서 필수가전으로 자리매김한 만큼, 이번 양사의 신발관리기 시장 공략도 그런 기대감을 내포한 것으로 본다""고 말했다."
https://n.news.naver.com/mnews/article/009/0005115760?sid=103,K-관광 시동 거나…문체부의 복안은,문화체육관광부는 한국관광협회중앙회와 함께 오늘(13일)부터 16일까지 서울 동대문디자인플라자(DDP)에서 ‘2023 내 나라 여행박람회’를 연다. 올해로 20회를 맞이한 ‘내 나라 여행박람회’는 문체부가 지난 3월,"2023 내나라 여행박람회가 오는 13일부터 개최된다 / 사진 = 문화체육관광부
문화체육관광부는 한국관광협회중앙회와 함께 오늘(13일)부터 16일까지 서울 동대문디자인플라자(DDP)에서 ‘2023 내 나라 여행박람회’를 연다.

올해로 20회를 맞이한 ‘내 나라 여행박람회’는 문체부가 지난 3월 29일, 15차 비상경제민생회의에서 내수 대책으로 발표한 K-관광 활성화 방안의 첫 번째 행사다.

2023 내 나라 여행박람회의 주제는 ‘내 나라 로컬여행 버킷리스트’다. 총 99개 기관이 참가해 200여 개 부스를 운영하며 국민들이 자신만의 여행 버킷리스트를 만들고 자유롭게 여행할 수 있도록 다양한 여행 정보와 상품들을 제공한다.

이번 박람회의 차별점은 △하동 정금 차밭 △고창 청보리밭 △영월 선암마을 등 숨겨진 지역 여행 정보를 집중적으로 소개한다는 점이다. 기존 박람회가 유명 명소 정보 제공 위주였던 것과는 다른 방향성이다.

또한 13일부터 15일까지 열리는 ‘내 나라 여행상품 라이브 판매전’에서는 여행사와 협업해 강진, 예천, 강릉, 고흥 등 다양한 지역 여행 상품들을 특별 할인된 가격으로 판매한다.

반려동물 양육 인구가 증가하는 트렌드를 반영해 반려인들을 대상으로 한 여행 콘텐츠도 추가했다. 반려동물 동반여행 기획관에는 반려동물과 함께 여행 콘셉트 사진을 찍을 수 있는 포토존을 마련했다.

이밖에도 한국관광공사에서 제공하는 다양한 반려동물 동반 여행 정보를 보며 반려동물과 편안하게 휴식할 수 있는 공간을 조성했으며, 반려동물과의 박람회 동반 입장을 위한 ‘개모차’ 대여 서비스도 제공할 예정이다.

반려동물 동반여행을 위한 특별 강연도 준비했다. 이태규 펫츠고 트래블 대표를 초빙해 반려동물 동반 여행지, 여행 서비스에 대한 세미나도 개최한다. 강연은 13일 오후 3시부터 4시까지 콘퍼론스홀에서 진행한다.

아울러 △포스터·홍보영상 공모전 수상작 전시회 △내 나라 보물찾기 △버스킹 공연 등 다양한 부대행사와 이벤트도 준비했다. 개막식은 13일 오전 11시에 동대문디자인플라자 아트홀에서 열린다.

조용만 문체부 제2차관은 “이번 박람회가 국민들이 대한민국의 숨겨진 관광 보물들을 발견하고, 자신만의 여행 버킷리스트를 채울 수 있는 기회가 됐으면 한다”며 “이번 내 나라 여행박람회를 통해 대한민국이 세계인의 여행 버킷리스트가 될 수 있도록 국민 여러분께서 K-관광 특급 엔진에 시동을 함께 걸어주길 바란다”고 말했다."
https://n.news.naver.com/mnews/article/020/0003491064?sid=102,“이재민 돕겠다” 자원봉사 신청 쇄도… 기업들 성금 기부,“불이 났다는 소식을 듣자마자 한걸음에 달려왔죠.” 대한적십자사 강릉지회장을 맡고 있다는 유지숙 씨(65)는 12일 이재민 대피소가 마련된 강원 강릉시 아이스아레나 체육관 앞에서 이렇게 말했다. 유 씨는 전날 오전,"[강릉 산불]
대피소서 식사-구호품 등 배분
‘봉사 확인증’ 있으면 SRT 무료
KB-하나-우리-신한 3억씩 성금
12일 오후 강릉아이스아레나 임시대피소에 이재민들을 위한 텐트가 빼곡히 설치돼 있다. 강릉=양회성 기자 yohan@donga.com
“불이 났다는 소식을 듣자마자 한걸음에 달려왔죠.”

대한적십자사 강릉지회장을 맡고 있다는 유지숙 씨(65)는 12일 이재민 대피소가 마련된 강원 강릉시 아이스아레나 체육관 앞에서 이렇게 말했다.

유 씨는 전날 오전 8시 20분경 산불이 발생하자 20분 만에 바로 현장으로 달려왔다. 이후 대피소가 채 차려지기도 전부터 이재민들에게 식사를 나눠 주고, 구호 물품을 배분하는 자원봉사를 하고 있다. 유 씨는 “앞으로도 이재민이 대피소에 있는 한 매일 나와 도울 것”이라고 했다.

전날 강릉에서 발생한 대형 산불로 실의에 빠진 이재민들을 위해 전국 각지에서 도움의 손길이 빗발치고 있다. 강릉시자원봉사센터 관계자는 “11일 산불 발생 당일부터 서울, 경기, 경북 울진 등 전국에서 200명 넘는 시민들이 자원봉사를 신청했다”고 말했다. 수서고속철도(SRT) 운영사 에스알(SR)은 “산불 피해지역 자원봉사센터에서 발급하는 자원봉사 확인증만 있으면 SRT 무료 이용이 가능하다”며 자원봉사를 독려하고 있다.

강릉 지역 상인과 주민들도 앞다퉈 지원에 나서는 모습이다. 강릉시 초당동에서 음식점을 운영하는 김대희 씨(48)는 화재 당일 인스타그램 계정에 “물이나 라면 등 도움이 필요하면 즉시 달려가겠다”는 게시글을 올렸다. 김 씨는 동아일보와의 통화에서 “강릉 인근 상인 20명과 함께 이재민들을 위한 식료품을 지원할 계획”이라고 했다. 경포대 인근에는 진화 작업을 하는 소방대원들과 이재민 등에게 무료 식사를 제공하는 식당도 많다.

강릉시 교동에서 애견 관련 사업을 준비 중이던 정환서 씨(38)는 개업을 잠시 미루고 반려동물 대피소를 열었다. 정 씨는 “직업군인으로 일하다 지난해 전역했는데 군대에서 산불 진화 작업을 많이 나가 현장의 처참함을 잘 안다”며 “도울 수 있는 만큼 돕고 싶다”고 했다.

각계에서 성금도 답지하고 있다. KB국민·하나·우리금융지주는 사회복지공동모금회에 각각 성금 3억 원을 전달했고, 신한금융지주는 전국재해구호협회에 성금 3억 원을 냈다. 신용카드사들은 카드대금 청구유예·분할상환을 지원하고 카드대출 수수료를 할인해주겠다고 밝혔다. 윤석열 대통령의 부인 김건희 여사는 전날 사회복지공동모금회 명예회장으로 추대되면서 산불 피해 복구를 위한 성금을 냈다. 방송인 이승윤 씨와 배우 천우희 씨는 희망브리지 전국재해구호협회에 1000만 원씩 기부했다."
https://n.news.naver.com/mnews/article/081/0003353468?sid=102,"경북도, 관상어 산업 육성 박차…전국 첫 관상어 비즈니스센터 건립",경북도가 반려어(Aqua-pet)인 관상어산업을 육성할 거점센터 건립에 들어갔다. 도는 13일 상주시 낙동면 낙동리 3-2번지 ‘경상북도 내수면 관상어 비즈니스센터’ 건립공사 현장에서 기공식을 가졌다. 경북도,"국비 등 190억원 투입, 내년 6월 완공
관상어 창업, 전시, 체험기능 갖춰
경북도 내수면 관상어 비즈니스센터 조감도. - 경북도 제공
경북도가 반려어(Aqua-pet)인 관상어산업을 육성할 거점센터 건립에 들어갔다.

도는 13일 상주시 낙동면 낙동리 3-2번지 ‘경상북도 내수면 관상어 비즈니스센터’ 건립공사 현장에서 기공식을 가졌다.

경북도 관상어 비즈니스센터는 내년 6월까지 사업비 190억원(국비 및 지방비 각 50%)이 투입돼 건축 연면적 4538㎡ 규모로 건립될 예정이다. 주요 시설로는 관상어 사육·품종개발연구실, 무균수초배양실, 먹이생물배양실, 창업지원시설, 홍보관 등을 갖춘다. 특히 이 센터는 한 건물안에서 행정·연구·교육·창업이 모두 이뤄지는 원스톱 복합 건물로 지어져 업무의 효율성을 높일 것으로 기대된다.

관상어 비즈니스센터가 준공되면 관상 가치가 있는 담수 토속 어종의 발굴·육성 뿐만 아니라 기술자와 후계자가 함께 일하며 기술을 전수하는 도제식 교육실습장, 업체별 1:1 컨설팅 및 솔루션 지원, 판로 확보 등을 지원하는 거점 역할을 수행하게 된다. 이와 함께 센터 주변에 수조 제작이나 관상어 사료용품과 같은 연관산업도 집적될 것으로 예상돼 관상어 산업이 한 단계 더 도약할 것으로 기대된다.

전 세계 관상어 산업 관련 시장규모는 1인 가구 증가로 선진국을 중심으로 연평균 7~8%씩 성장, 50조원 규모의 잠재력이 높은 산업으로 통한다. 하지만 국내 산업은 5000억원에 불과한 실정이다

관상어는 개·고양이 다음으로 많은 인구가 반려동물로 키우는 3대 애완동물에 포함된다.

이달희 경북도 경제부지사는 “비즈니스센터 건립으로 경북은 국내 관상어 산업 메카가 될 것이고, 수많은 청년들의 창업과 일자리가 생기는 등 지역경제에 활기를 불어 넣을 것으로 기대된다”고 했다."
https://n.news.naver.com/mnews/article/018/0005462515?sid=101,"노바마루, 실속형 강마루 '뉴트로(NEWTRO)' 시리즈 출시","노바마루는 경제성과 심미성을 겸비한 115폭 강마루 신제품 ‘뉴트로(NEWTRO)’를 출시한다고 12일 밝혔다. 이번 신제품은 국내 주거공간에서 가장 선호되는 스테디셀러 컬러로 구성된 한편, 합리적인 가격대에서도","[이데일리 이윤정 기자] 노바마루는 경제성과 심미성을 겸비한 115폭 강마루 신제품 ‘뉴트로(NEWTRO)’를 출시한다고 12일 밝혔다.

(사진=노바마루)
이번 신제품은 국내 주거공간에서 가장 선호되는 스테디셀러 컬러로 구성된 한편, 합리적인 가격대에서도 선명한 우드 그레인과 과감한 컬러 베리에이션의 프리미엄급 패턴을 경험할 수 있도록 기획된 보급형 강마루 시리즈다. 총 12종의 패턴으로 △아테네오크 △덴버오크 △리얼오크 △브라운오크 △비비안애쉬 △모스카토그레이 △화이트그레이 △크림 △리얼카카오 △리얼티크 △리얼시티 △리얼블랙으로 구성되어 있다.

(사진=노바마루)
뉴트로는 제품 표면에 높은 온도와 압력으로 압축시킨 고강도 HPM 표면 보호층을 적용해 생활 스크래치나 찍힘에 강하여 어린아이나 반려동물을 키우는 가정도 안심하고 시공할 수 있다.

노바마루의 신제품 뉴트로 시리즈는 4월 셋째 주부터 전국 노바마루 대리점 및 제휴처에서 구매할 수 있다."
https://n.news.naver.com/mnews/article/421/0006745063?sid=100,"김민석, 尹 방미에 ""도청 문제 美 정중한 사과 받아야""","정재민 박종홍 기자 = 김민석 더불어민주당 정책위의장은 13일 방미를 앞둔 윤석열 대통령에게 방미 외교 가이드라인을 제안하며 ""도청 문제에 대한 정중한 사과를 받아야 한다""고 말했다. 김 의장은 이날 오전 국회에서","외교 12대 가이드라인 제시…""당 차원 대미·대중 외교단 방문단 추진""
""개 식용 문제 획 그을 때…'손흥민차별예방법' 정부·여당 협조하라""
김민석 더불어민주당 정책위의장./뉴스1 ⓒ News1 송원영 기자


(서울=뉴스1) 정재민 박종홍 기자 = 김민석 더불어민주당 정책위의장은 13일 방미를 앞둔 윤석열 대통령에게 방미 외교 가이드라인을 제안하며 ""도청 문제에 대한 정중한 사과를 받아야 한다""고 말했다.

김 의장은 이날 오전 국회에서 열린 정책조정회의에서 '원칙, 반도체, 외교·안보, 한미신동맹' 등 4대 분야 각 3항으로 구성된 12대 가이드라인을 제시했다.

구체적으로 원칙 3항은 △공정한 자유무역 △상호존중 △평화보장을, 반도체 3항은 △한미 양국 반도체 산업의 윈윈(Win-Win) 원칙화 포괄적 비차별 약속 △중국 생산 기반의 최소 수준 이상 유지, 대중국 수출규제 유예기간 연장 △한미 간 반도체 특별협정 추진 등에 대한 공동연구 시작 제안 등이다.

이밖에 외교·안보 3항은 △한미일 협력에 지장을 초래하지 않도록 미국이 노력할 것 △한국형 핵잠수함 추진을 위한 미국 기술협력과 지원 △북미 간 비상연락선 복원 등 최소한의 북미대화 재개 권유, 신한미동맹 3항은 △국제보건과 문화 콘텐츠 분야에서의 한미 양국 청년 일자리 창출을 위한 특별 협력 추진 △재미교포 2, 3세의 제한적 이중 국적 등 상호교류 협력 증진 합의 △전작권 반환 시기 재설정을 포함한 향후 100년 한미동맹 공동연구 작업 제안 등이다.

김 의장은 ""당면 현안 중 우크라이나에는 살상 무기와 남북한 대리전을 초래할 수 있는 전투 인력 파견 불가를 분명하게 천명해야 한다""며 ""외교팀은 외교라인 교체 혼선, 도청 파문, 외교라인 내 비전문가 실세 참모 라인에 흔들리지 말고 국익 방미 외교를 철저히 준비하라""고 당부했다.

그러면서 ""민주당 정책위는 총체적 경제 및 안보, 국익 추구 차원에서 적절한 시점에 대미·대중 외교 방문단 추진도 당 지도부에 제안한다""고 덧붙였다.

김 의장은 개 불법 사육과 도축, 식용을 금지하고 상인의 안정적인 전업을 지원하는 이른바 '손흥민 차별 예방법' 발의도 예고했다.

그는 ""개 식용 문제에 획을 그을 때""라며 ""반려동물시대, 한류시대고 부산엑스포 추진 및 대형 국제행사가 줄을 잇는 상황""이라고 지적했다.

이어 ""손흥민 선수에 대한 차별, 야유의 소재가 된 빌미도 근절해야 한다""며 ""국격을 높이기 위한 사회적 합의를 만들어 나가는 데 정부·여당 특히 대통령실도 적극 협조할 것으로 믿는다""고 말했다."
https://n.news.naver.com/mnews/article/030/0003090957?sid=101,"뉴패러다임인베스트먼트, 2023 뉴패러다임 얼라이언스 기술·사업 세미나 성료",뉴패러다임인베스트먼트는 12일 서울 여의도에서 AI·챗GPT 기술 트렌드와 스타트업 비즈니스 활용사례를 주제로 '2023 뉴패러다임(NP) 얼라이언스 기술·사업 세미나'를 개최했다고 13일 밝혔다. 인공지능(AI),"2023 NP 얼라이언스 기술·사업 세미나 참가자들이 기념촬영했다.(사진=토스트앤컴퍼니)

뉴패러다임인베스트먼트는 12일 서울 여의도에서 AI·챗GPT 기술 트렌드와 스타트업 비즈니스 활용사례를 주제로 '2023 뉴패러다임(NP) 얼라이언스 기술·사업 세미나'를 개최했다고 13일 밝혔다.

인공지능(AI) 전문가와 스타트업 관계자는 NP 기술·사업 세미나에서 구독결제 챗GPT 도입사례와 활용방안·생성형 AI 시대의 스타트업 기회와 전망 등 AI·챗GPT 기술 트렌드와 비즈니스 활용사례를 발표했다.

뉴패러다임은 정보통신기술(ICT), 반려동물, 디지털 헬스케어, 메타버스 등에 투자하는 액셀러레이터다. 유망 테크 스타트업 15개사 선발·초기 투자와 팁스 선정, 최대 10개 기업 후속 투자 참여 등 매년 약 100억원을 투자하면서 스타트업의 성장을 지원하고 있다.

이날 세미나에는 허성무 한국성장금융투자운용 대표를 비롯해 한국벤처투자, TS인베스트먼트, 벤처캐피털, 증권사, 자산운용사, 민간 출자자(LP), 상장사, 스타트업 대표 등 관계자 100여명이 참석했다.

배상승 뉴패러다임 공동대표는 “뉴패러다임만의 독자 성장전략인 투자기업간 비즈니스 협업을 활성화하기 위해 세미나를 확대하고 있다”며 “NP 얼라이언스 생태계를 조성해 AI·챗GPT 분야를 선도하는 액셀러레이터가 되겠다”고 말했다."
https://n.news.naver.com/mnews/article/016/0002129703?sid=102,"대구보건대, DHC 펫케어 일자리 사업단 발대식 개최","대구보건대는 11일 본관 9층 소회의실에서 'DHC 펫케어 일자리 사업단' 발대식을 열었다. 행사에는 남성희 대구보건대 총장, 이근수 대구 북구 부구청장, 곽동미 경북대 수의과대학 학장, 최동학 대한수의사회","[대구보건대 제공]

[헤럴드경제(대구)=김병진 기자]대구보건대는 11일 본관 9층 소회의실에서 'DHC 펫케어 일자리 사업단' 발대식을 열었다.

행사에는 남성희 대구보건대 총장, 이근수 대구 북구 부구청장, 곽동미 경북대 수의과대학 학장, 최동학 대한수의사회 수석부회장, 박준서 대구시 수의사회 회장, 박병용 경북도 수의사회 회장, 성기창 DHC 펫케어 일자리 사업단 단장 등이 참석했다.

이날 발대식은 대구시 북구 펫케어 산업 경쟁력 향상을 목표로 펫토탈케어 전문 인력 양성을 위해 마련됐으며 참석자들은 지역산업맞춤형 일자리창출 지원사업의 추진 계획을 공유하고 향후 추진 방향과 협력 방안 등을 논의했다.

남성희 총장은 ""북구에 국토교통부 지역특화 도시재생사업으로 반려동물 친화마을이 조성돼 반려동물 브랜드화 사업이 시행될 예정이어서 이번 발족이 중요하다""며 ""펫 산업에 필요한 맞춤형 인재를 양성하고 지역산업과 지역사회가 함께 발전할 수 있도록 최선을 다하겠다""고 말했다.

kbj7653@heraldcorp.com"
https://n.news.naver.com/mnews/article/018/0005462389?sid=101,"진시스템, 인도 결핵 진단키드·장비 수출로 올해 흑자전환 '유력'",분자진단 플랫폼 기업 진시스템(363250)이 올해 영업 흑자 전환에 도전한다. 진시스템은 매출을 이끌었던 코로나19 진단키트 사업이 엔데믹(풍토병화)으로 고전하면서 지난해 영업적자를 기록했다. 진시스템은 올해,"코로나 진단키트 수익 감소로 지난해 영업적자·매출 급감
향후 결핵 등 장비 3000대·키트 1000만회 이상 수출…올해 인도 매출 81억 전망
[이데일리 신민준 기자] 분자진단 플랫폼 기업 진시스템(363250)이 올해 영업 흑자 전환에 도전한다. 진시스템은 매출을 이끌었던 코로나19 진단키트 사업이 엔데믹(풍토병화)으로 고전하면서 지난해 영업적자를 기록했다.

진시스템은 올해 결핵 등과 관련한 진단키트 및 현장진단 장비의 인도 수출을 통한 흑자 전환을 기대하고 있다. 진시스템은 향후 인도 진단키트 및 현장 진단장비 수출과 더불어 분자진단 사업과 관련 있는 분야로 사업 포트폴리오를 넓혀 실적 퀀텀점프도 노리고 있다.

현장 체외진단장비 ‘UF-340’. (사진=진시스템)
“1개로 4개 질환 최대 8명 진단…현지 가격 경쟁력 갖춰”

13일 제약·바이오와 증권업계에 따르면 진시스템은 올해 상반기 내 인도에 결핵 등과 관련된 진단키트와 UF-340 등 현장 진단장비의 수출을 예정하고 있다. 진시스템은 지난 2월 인도 대형 의료기기 유통기업인 G사(협력사)와 총판 및 현지 생산 제휴 계약을 체결했다. 진시스템은 이번 계약을 통해 향후 3000대 이상의 현장 진단장비와 1000만회(1000만명분) 이상의 진단키트 제품을 인도 현지에 공급할 계획이다.

진시스템이 인도 협력사에 수출한 진단키트와 현장진단 장비는 최종적으로 인도 정부가 활용할 예정이다. 진시스템의 인도 진단키트와 현장 진단장비 수출은 이번이 처음이 아니다. 진시스템은 2021년 진단장비 30여 대와 코로나19 진단키트 5만명(테스트) 분을 인도 A사로부터 수주했다. 진시스템은 이처럼 인도시장에서 꾸준한 인지도를 쌓은 점이 협력사와 계약의 발판이 됐다고 설명했다.

진시스템은 국내 주식상장 주관사 추천을 통한 성장성 특례 상장(기술성장기업 중 성장성 추천)과 별도로 추진한 기술평가에서 전문평가기관 2곳으로부터 모두 A 등급을 받으며 기술력을 인정받았다는 점을 강점으로 내세우고 있다.

진시스템은 진단 장비의 경우 부품 조립을 일정 부분 국내에서 마무리한 반제품을 인도로 수출할 예정이다. 진단키트는 처음에 완제품을 수출하다가 추후 반제품의 수출 비중을 확대할 계획이다. 인도총리의 현지 제조업 정책인 메이크 인 인디아(Make in India) 정책에 부합하겠다는 취지다. 진시스템이 수출한 반제품은 인도 협력사가 구축할 예정인 현지 전용 제품 생산 공장에서 완제품으로 만들어진다. 진시스템의 협력사는 최근 인도 보건당국의 품목 허가를 받았다.

진시스템은 동전만 한 크기(38㎜×25㎜)의 진단키트에 진단시약을 내재화하는 바이오칩 기술을 보유하고 있다. 시약이 투입된 진단키트에 검체를 주입하고 현장진단 장비에 넣으면 결핵, B·C형 간염, 면역결핍바이러스(HIV) 등 4개 질환의 진단결과를 한 번에 확인할 수 있다. 1개의 진단키트로 최대 8명까지 동시 진단이 가능하다.

진시스템 관계자는 “인도 협력사가 자사 제품을 현지 대기업에 납품하면 해당 대기업이 정부에 납품하는 구조”라며 “일종의 주문자상표부착생산(OEM) 계약으로 볼 수 있다”고 설명했다.

이어 “인도는 현재 진단키트 1개로 1명만 검사하고 있다. 자사 진단키트는 1개로 최대 8명까지 진단이 가능하다”며 “이를 인당 비용으로 나누면 인도 현지 기업보다 저렴한 가격으로 공급이 가능하다. 제품 경쟁력이 충분하다는 뜻”이라고 덧붙였다.

진시스템이 인도에 수출하는 진단키트는 △결핵 △B형간염 △C형간염 △인체면역결핍바이러스(HIV) 등이다. 특히 진시스템이 인도에 수출할 제품 중 결핵 진단키트가 가장 큰 비중을 차지할 것으로 보인다. 결핵은 인도에서 가장 큰 위협이 된 고위험성 감염병이기 때문이다.

블룸버그 통신에 따르면 2020년 기준 인도 결핵 환자는 270만명으로 세계에서 가장 많다. 인도는 결핵으로 매년 약 42만명 이상이 사망한다. 이런 이유로 인도는 매년 2억회(2억명분)의 결핵 진단을 진행하고 있다.

진시스템은 인도시장 공략을 위해 생산 능력도 확대한다. 진시스템의 현재 진단키드 생산능력은 1000만회(1000만명분), 현장 진단장비는 2000대에 이른다. 진시스템은 생산 공장 증설을 통해 진단키트 생산능력을 3000만회(3000만명분)까지 끌어올릴 예정이다. 인도 현지 상황이 유동적일 수 있는 만큼 국내 생산 능력을 최대한 갖춰놓겠다는 의도로 풀이된다.

진시스템 관계자는 “협력사의 목표는 인도 결핵 진단키트시장에서 15%의 점유율을 차지하는 것”이라며 “연간 2억회의 결핵 진단 시행을 고려하면 목표는 3000만회가 된다”고 말했다.

진시스템은 향후 주력 진단키트 및 현장진단 장비와 함께 개발 중인 다양한 감염병 진단 제품들도 인도시장에 공급할 방침이다. 진시스템은 △인체용 호흡기 다중진단키트 △성병매개질환 △인유두종바이러스 △다내재성결핵 △식품의 식중독원인균 검출키트 등을 개발·공급 중이다.

올해 매출 전년대비 4배 이상 증가 전망

진시스템은 사업 포트폴리오도 확대하고 있다. 진시스템은 분자진단 기술력을 바탕으로 관련이 있는 분야로 사업 포트폴리오를 넓히겠다는 계획이다. 반려 동물 분자 진단 사업이 대표적인 사례다. 진시스템은 올해 1분기 기준 국내 160여개 동물병원과 거래하고 있다. 진시스템은 진단키트 장비와 키트를 관계사인 케어뱃에 납품하고 케어벳은 반려동물 진단키트를 개발해 동물병원에 유통하는 구조로 사업을 진행하고 있다.

진시스템은 최근 정기 주주총회를 통해 신규 사업 목적도 대거 추가했다. 진시스템은 분자진단 기술력을 활용해 소비자 대상 직접 시행(DTC, Direct to Customer) 유전자 검사, 의약품 및 체외진단 제품 제조 사업 등에 진출할 예정이다.

진시스템은 인도 수출을 발판으로 실적 개선에 나선다. 진시스템은 코로나19 엔데믹으로 진단키트 수익이 급감하면서 지난해 66억원의 영업손실을 기록했다. 전년 23억원 흑자에서 1년 만에 적자전환됐다. 매출도 2021년 132억원에서 지난해 37억원으로 급감했다. 진시스템은 올해 인도 수출 효과로 실적 개선을 기대하고 있다 키움증권에 따르면 올해 진시스템은 매출은 168억원, 영업이익 3억원 흑자가 예상된다.

허혜민 키움증권 연구원은 “올해 인도 수출과 관련해 81억원 매출 발생이 예측된다”며 “가동률이 낮았던 국내 생산 공장에서 현지로 반제품을 운송하면 되는 구조인 만큼 영업이익이 크게 개선될 것”이라고 말했다."
https://n.news.naver.com/mnews/article/021/0002566385?sid=102,"나노산업·농촌휴양단지 엔진으로… 밀양, 소멸위기 딛고 재도약[로컬인사이드]","■ 로컬인사이드 나노산단, 100개 기업 입주 예정 연 1조 생산유발·4300명 유입 91만㎡ 휴양단지 내년 마무리 농산물 판매타운 운영 등 계획 밀양=박영수 기자 buntle@munhwa.com 인구 10만 명인","경남 밀양시 부북면 제대리 일원에 조성 중인 ‘나노융합국가산업단지’ 전경. 나노국가산단은 내년 상반기 완공예정이며 이곳에는 나노기술을 활용한 다양한 업종의 기업들이 입주할 예정이다. 밀양시청 제공


■ 로컬인사이드

나노산단, 100개 기업 입주 예정

연 1조 생산유발·4300명 유입

91만㎡ 휴양단지 내년 마무리

농산물 판매타운 운영 등 계획

밀양=박영수 기자 buntle@munhwa.com

인구 10만 명인 경남 밀양시는 더 이상 물러설 곳이 없다. 지난 2021년 정부가 지정한 전국 89개 소멸위기 지방자치단체에 포함되면서 밀양시의 고민은 깊어졌다. 인구유출과 소멸위기는 수도권을 제외한 전국 지자체들이 안고 있는 문제다. 미래산업을 육성하고 좋은 일자리를 창출하는 등 어떻게 준비해 왔고 앞으로 어떻게 준비하느냐가 소멸위기 지자체의 생존을 좌우하게 됐다. 그런 면에서 밀양시가 지난 10년간 절박함으로 준비하고 만들어낸 나노융합국가산업단지와 대규모 휴양단지, 체류형 관광프로젝트 등 대응책은 소멸위기 극복과 재도약의 발판이 되고 있다.

밀양시는 경남 도내 8개 시(市) 지역 중에서 유일한 소멸위기 기초자치단체다. 농업 중심에다 인근 대도시와 사통팔달의 교통망으로 연결되면서 대구·부산·울산·창원으로 인구가 빠져나갔고 청년층은 수도권으로 떠났기 때문이다. 밀양시 인구는 1991년 말 13만5999명을 기록한 후 지속해서 감소했다. 최근에도 매년 수백 명씩 떠나 2016년 10만8354명에서 지난해에는 10만2945명으로 10만 명 선이 무너질 위기에 놓여 있다.

고무적인 것은 새로운 성장동력이 장착되고 귀농 인구도 늘면서 인구감소가 멈췄다는 점이다. 지난 10년간 준비해 온 사업들이 빛을 발하기 시작하면서 반등의 기회를 맞은 것으로 밀양시는 평가하고 있다.

◇약점이 강점으로=밀양의 새로운 ‘엔진’은 나노국가산단이다. 부북면 제대리 일원에 165만㎡(50만 평) 규모로 내년 상반기 준공을 목표로 막바지 공사가 한창이다. 이곳에는 전 산업에 활용되는 나노기술 연구와 관련 기업을 포함해 물류업체, 일반기업 등 100여 개 업체가 입주할 예정이다. 밀양시는 낙동강과 밀양댐, 인근에 신고리원전 등이 위치해 그 어떤 자치단체보다도 공업용수와 전력 공급이 안정적이라는 것을 강점으로 내세우고 있다. 특히 인구유출의 약점으로 꼽힌 KTX 밀양역, 대구∼부산고속도로(부산 신항), 함양∼울산고속도로(2024년 말 완공 예정) 등 동서남북으로 연결된 교통망은 기업 입지의 최적지로 작용하고 있다. 이런 장점 때문에 삼양식품, 벤텍, 보광, CJ대한통운, 한국전력공사가 분양·입주계약을 체결해 현재 나노국가산단 분양률은 40%다. 시는 국가산단이 본격 가동에 들어가면 7600여 명 고용에 연간 1조 원의 생산유발, 1600가구 4300명의 인구유입 효과가 발생할 것으로 기대하고 있다. 쇠락해가는 농업을 첨단 고부가가치 산업으로 변화시킬 경남스마트팜혁신밸리도 지난해 말 밀양 삼랑진읍 일원에 준공해 운영에 들어갔다. 총 941억 원이 투입된 경남스마트팜혁신밸리는 22.1㏊ 규모로 청년창업보육센터, 임대형 스마트팜, 실증단지, 지원센터, 기숙사를 갖췄다. 스마트팜에 특화된 도내 청년농 육성과 미래 스마트농업 연구 및 기술 확산 거점으로 자리 잡아 가고 있다.

◇휴양단지를 농산물 판매 ‘아웃렛’으로=밀양시는 표충사와 얼음골로 이어지는 길목인 단장면 밀양강변에 91만㎡ 규모의 ‘농어촌관광휴양단지(가칭 선샤인밀양테마파크)’를 조성 중이다. 공공부문은 오는 5월 완공되며 민간부문인 호텔(100실)은 내년에 완공된다. 호텔이 완공되면 이곳을 찾는 관광객은 반려동물을 센터에 맡기고 호텔에 머물며 골프와 요가, 영남알프스를 둘러보는 산악관광을 즐길 수 있다.

주요 시설로는 테마공원, 국제웰니스토리타운(요가), 스포츠파크(야구장 4면·축구장 1면·풋살장 2면), 반려동물지원센터, 영남알프스 생태관광센터, 재약산 고산습지센터, 친환경 골프장(18홀), 호텔 등이다. 시는 휴양단지에 농축임산물 종합판매타운을 운영해 관광을 농산물 판매로 연결하겠다는 복안이다.

◇체류형 관광도시 밀양=올해를 ‘밀양 방문의 해’로 선포한 밀양시는 산림휴양관광을 위해 조성한 도래재자연휴양림, 국립밀양등산학교·인공암벽장, 밀양 아리랑 수목원 및 숲속야영장, 치유의 숲 활성화에도 집중하고 있다. 특히 지난해 개장한 도래재자연휴양림을 중심으로 치유와 힐링을 선사하고 재약산과 천황산을 잇는 영남알프스를 뛰고 걷는 ‘트레일 밀양’ 스탬프 랠리로 수도권 젊은층의 방문을 늘릴 계획이다. 밀양의 외부 방문객은 뛰어난 자연환경과 접근성으로 2019년 1210만 명, 2020년 1300만 명, 2021년 1420만 명으로 코로나19에도 외부 방문객 증가율이 경남 도내에서 가장 높았다.

시는 오는 5월 18일부터 21일까지 밀양강과 영남루를 중심으로 펼쳐지는 밀양아리랑대축제와 연극의 묘미를 느낄 수 있는 ‘밀양공연예술축제(7월)’도 전국적인 축제로 브랜드화해 휴양과 재미, 볼거리가 가득한 체류형 관광산업을 육성할 계획이다.



찾아온 기업인에 일일이 주요사업 PT… “인구 13만 도시로 거듭날 것”

■ 박일호 밀양시장

“밀양은 전국 소멸위기 지방자치단체 중에서 가장 먼저 소멸위기에서 탈출하는 지자체가 될 것입니다.”

박일호 경남 밀양시장은 13일 “지난 10년간 설계했던 나노융합국가산업단지와 전국 첫 농어촌관광휴양단지 등 주요 사업들이 준비돼 이들 사업이 활성화하면 일자리가 늘어나고 귀농·귀촌 인구도 늘어 12만∼13만 도시로 재도약할 것”이라며 이같이 말했다.

박 시장의 집무실에는 눈길을 사로잡는 물건이 하나 있다. 바로 책상 정면에 걸려 있는 88인치 대형 모니터다. 이 모니터에는 ‘밀양시 신경제지도’가 그려져 있는데, 그 위에 그가 추진 중인 90여 개 주요 사업이 일일이 표시돼 있다. 손가락으로 지도 위에 표시된 특정 사업을 터치하면 개요, 추진과정, 진행률, 완료 여부를 한눈에 볼 수 있다. 박 시장은 이 신경제지도를 활용해 방문한 기업인에게 밀양의 강점을 프레젠테이션하며 마음을 사로잡는다.

박 시장은 내년에 완공되는 나노국가산단이 밀양 경제의 틀을 크게 바꿔 놓을 것으로 기대하고 있다. 박 시장은 “나노기술은 나노미터에서 수백 나노미터 정도 크기의 구조나 물질을 적용해 일상생활에서부터 미래 산업에까지 활용되는 핵심 기술”이라며 “국가산단에 나노연구시설 등을 집적화해 경남의 주력산업인 조선·항공·방위산업을 고도화하는 중추적인 역할을 할 것”이라고 말했다.

그는 “기업이 와야 일자리가 생기고 일자리가 생겨야 주민들이 다른 지역으로 떠나지 않는다”며 “그래서 직원들과 기업유치에 사활을 걸며 뛰고 있고 정주 여건 개선을 위해 교육시설과 청년주거단지도 새롭게 만들고 있다”고 설명했다.

박 시장은 “맛있고 신선한 농산물을 생산하는 농민에게는 판로를 개척해 주는 것이 시가 해야 할 역할”이라며 “그런 측면에서 완성 단계에 있는 농어촌휴양테마파크는 관광객에게는 청정 밀양에서의 휴양과 관광을 선물하고 농민에게는 신선 농산물과 가공식품을 관광객들에게 소개하고 판매할 수 있는 장터가 될 것”이라고 강조했다."
https://n.news.naver.com/mnews/article/087/0000963959?sid=102,“우리는 예술가입니다. 단 MZ를 곁들인…”,“반짝이는 아이디어를 가진 MZ세대 작가들의 작품들로 전시장에 문을 엽니다” 춘천 개나리미술관은 따스한 봄을 맞아 ‘믹싱보울 Mixing Bowl’을 주제로 한 개나리아트페어2023을 오는 23일까지 개최한다.,"춘천 개나리미술관, 12일부터 ‘믹싱보울 Mixing Bowl’을 주제로 개나리아트페어2023 개최
◇김가영 作 타인과의 접촉




“반짝이는 아이디어를 가진 MZ세대 작가들의 작품들로 전시장에 문을 엽니다”

춘천 개나리미술관은 따스한 봄을 맞아 ‘믹싱보울 Mixing Bowl’을 주제로 한 개나리아트페어2023을 오는 23일까지 개최한다. 이번 전시는 반짝이는 아이디어와 신선한 영향력을 지닌 MZ세대의 작가들의 작품을 선보이는 자리로 마련된다.

전시의 타이틀이기도 한 ‘믹싱보울’은 순수와 상업의 경계를 허무는 다양한 작업들과 반려동물, 반려식물 등 포스트휴머니즘의 시대에 걸 맞는 무해한 아름다움 등을 혼합한 그릇을 이야기한다. 이처럼 무엇이든 담을 수 있고, 그 안에서 무엇이든 새로운 것을 만들어 낼 수 있다는 것이 MZ세대의 특징이라 할 수 있다. 그래서 신선하다. 어쩌면 전시장이라는 공간 자체가 딱딱하게 느껴졌던 이들에겐 전시가 갖고 있는 이미지를 넘어 새로운 스펙트럼을 제공할 수 있다.

◇공혜진 作 풀밭을 뒹구는 잎, 일러스트호비 作 SPRINGTIME_1, 명해님 作 목욕(왼쪽부터)




NFT, 메바터스 등 새로운 온라인 기반의 플랫폼의 활성화로 예술의 영역도 무궁무진하게 확장 돼 가고 있는 요즘, 내리는 빗줄기가 동물의 몸을 만들어내기도 하고, 나뭇잎이 모자가 되기도 한다. 예술 작품이라 인정받지 못했던 귀여운 캐릭터가 등장하는 일러스트 영역도 한 편의 아름다운 작품이 된다.

전시는 ‘메인전시’, ‘그림숲’, ‘소품샵’으로 구성 되며 전시 공간도 나뉘어 열려 지루할 틈이 없다. 메인전시는 개나리미술관에서 진행된다. 도내 작가 문희정·Judy·윤산·김혜원·구구·김용선 등을 포함해 22명의 MZ작가들의 작품 100여점을 만나볼 수 있다. 회화 작품을 넘어 밀랍, 직물, 도자, 레진, 디지털페인팅 등 평면과 입체를 자유롭게 넘나드는 작품들이 펼쳐져 시선을 사로 잡는다. ‘그림숲’은 백하스튜디오에서 열리며 춘천기반 일러스트작가들의 작품 50여종을 볼 수 있다. 또, 전시장도 나무 결이 느껴지는 벽으로 만들어 귀여운 작품과 함께 힐링하며 잠시 쉬어갈 수 있는 공간으로 연출 된다. ‘소품샵’은 백하스튜디오 옆인 어제본달에서 문을 연다. 작가들의 소품을 작가 정보와 작품명 없이 동일한 가격에 판매 돼 시각예술 작품을 부담 없는 가격에 구입할 수 있는 기회가 제공된다.

정현경 전시기획자이자 개나리미술관장은 “반짝이는 아이디어와 신선한 영향력을 지닌 MZ세대 작가들의 무한한 발전 가능성이 담긴 전시를 보시고 힘찬 에너지를 얻어가시길 바란다”고 말했다."
https://n.news.naver.com/mnews/article/382/0001045082?sid=102,김순호 구례군수 “지리산·섬진강 활용한 체류형 관광구례 만들 것”,“구례는 타 지역에 비해 자연환경이 뛰어나다. 섬진강이라는 큰 강과 ‘어머니의 산’ 지리산이 자리 잡고 있는 등 천혜의 자연을 품고 있다. 구례의 자연환경을 활용해 체류형 관광산업과 치유산업을 선도하는 도시로,"‘자연·행복·경제’를 축으로 ‘살고 싶은 구례’ 이끄는 김순호 구례군수

고급숙박·온천지구 대대적 개발
관광·힐링 어우러진 치유도시로
농촌유학타운 세워 도시민 유치
특화작물 등 생태경제 적극 지원
김순호 구례군수는 “지리산 섬진강 등 천혜의 자연을 활용해 체류형 관광산업과 치유산업을 선도하는 구례군으로 만들겠다”고 말했다. 사진제공 l 구례군

“구례는 타 지역에 비해 자연환경이 뛰어나다. 섬진강이라는 큰 강과 ‘어머니의 산’ 지리산이 자리 잡고 있는 등 천혜의 자연을 품고 있다. 구례의 자연환경을 활용해 체류형 관광산업과 치유산업을 선도하는 도시로 도약하기 위해 온 몸을 바치겠다.”

연임에 성공한 김순호 구례군수(60)는 일처리가 깔끔하고, 사교성이 뛰어나 군민들과 소통하고 민원을 귀담아 듣는 ‘현장형 군수’라는 평가를 받고 있다. 김 군수가 ‘지속가능한 구례’를 위해 방점을 찍은 것은 ‘체류형 관광도시 실현’이다.

김 군수는 “우리는 섬진강과 지리산을 갖고 있다. 섬진강 주변에 고급 숙박을 갖추고, 지리산온천과 산동온천 등 온천지구를 활용해 체류형 관광지를 만들고 있다. 사나흘 머물면서 관광도 하고, 힐링도 하며 육체와 정신을 리플레시할 수 있는 명소로 키우겠다”며 강한 자신감을 표현했다.

‘체류형 관광도시’ 프로젝트는 이미 시동을 걸었다. 이를 이끄는 두 바퀴는 ‘관광’과 ‘치유’다. 김 군수는 오산권역 관광레저 클러스터 조성사업과 관련해 “케이블카를 핵심 아이템으로 체류형 관광시설, 섬진강 힐링 생태공원, 스카이 바이크 등 익스트림 체험시설 등을 조성해 체류형 관광의 매력도를 끌어올리고 섬진강 통합관광벨트와 연계시키겠다”고 밝혔다.

또 침체된 지리산온천권역을 되살리기 위해 “온천호텔·골프장 등 민자 휴양시설을 유치하고, 헬스케어·뷰티·반려동물과 연계한 융복합 사업을 추진할 것이다. 지리산정원의 경우 짚라인과 더불어 하늘정원, 별빛숲정원, 스카이워크 등의 설치 공사가 끝나면 관광객들이 아름다운 자연 속 쉼터에서 색다른 즐거움을 맛보고 휴양과 치유의 시간을 보낼 수 있을 것”이라고 밝혔다.

화엄사 구역 발전방안도 소개했다. “화엄사 구역에 방치된 상가 정비와 반달가슴곰 보금자리 사업을 구상하고 있다. 화엄사 권역 여행 콘텐츠와 탐방체계를 새롭게 구축하기 위해 화엄4색 블루투어 프로젝트와 천년고찰 문화탐방로 무소유길 조성 사업을 추진할 계획”이라고 했다.

김 군수는 이어 “구례읍 권역 5일 시장 시설 현대화, 우리밀빵 특화거리 조성, 알콩달콩 장터만들기, 전통시장길 가로경관 개선 사업 등을 추진해 관광객 체류 시간과 소비 지출을 늘릴 것이다. 수달생태 구역은 수달생태공원을 중심으로 미디어파사드 설치와 미디어아트 페스티벌 개최, 섬진강 레인보우 워크 조성을 통해 야간 관광과 새로운 섬진강 관광 시대를 열어가도록 하겠다”고 말했다.

치유산업 육성도 속도감을 내고 있다. 아이쿱연합회와 항암연구센터가 ‘자연치유산업’ 육성에 손을 잡았다. 구례에서 항암치료 농산물을 키워 환자들에 제공해 치료하고, 이를 항암연구에 활용하는 선순환 구조를 만드는 것이다. 구례는 항암치료 공간과 고급 실버타운을 조성해 ‘치유의 메카’로 꿈을 키우고 있다. 김 군수는 “화엄사 구역 자연드림파크 3단지에 민자를 유치해 아이쿱생협 체류형 치유센터와 요양타운 등을 조성해 미래 먹거리인 치유산업을 전략적으로 육성할 계획‘이라고 소개했다.

지방소멸에 대한 정책개발도 역점을 두고 있는 군정의 핵심이다. 구례도 인구소멸 지역 중의 하나이기 때문이다. 지난해의 경우 사망자는 370명인데 반해 출생자는 70명에 그쳤다. 김 군수는 출생을 늘리는 것보다 관계인구, 즉 관광인구의 활성화나 청년들의 이주확대에 초점을 맞추고 있다.

김 군수는 “지방소멸대응 기금을 활용한 창업과 주거 지원으로 청년인구를 늘리고, 농촌유학타운을 건립해 도시민 가족의 유입을 촉진할 계획이다. 청년 임대주택인 청년 하우스는 창업과 거주 문제를 한꺼번에 해결하는 ‘원스톱 라이프’ 공간으로 만드는 한편, 주거 공간과 함께 북카페, 사무 공간, 스튜디오 등이 모두 갖춰진 보금자리에서 다양한 직업군의 청년들이 끈끈한 인적 네트워크를 형성하며 구례에 정착할 수 있도록 지원하겠다”고 밝혔다.

김 군수는 안전한 정주환경과 군민 문화수요 충족 등에 대해서도 신경을 곤두세우고 있다. 정주여건, 복지, 교육 등의 제반 상황을 잘 갖춰야 군민들의 삶의 질이 높아지고 인구가 유입될 수 있기 때문이다. 이에 대한 복안으로 “오는 6월까지 수해 복구 및 항구적 예방을 위한 지구 단위 종합복구사업을 마무리하고 자연재해 저감 종합대책을 수립하겠다”며 “읍면 중심지에 문화센터를 건립하고, 다채로운 교육 프로그램을 운영하고 도시재생 사업으로 통합어울림센터, 스마트 안심거리, 포켓 쉼터, 현장지원센터 등을 조성해 생활환경과 복지 기능도 획기적으로 개선하겠다”고 강조했다.

지방도시의 갈증 중의 하나가 교육이다. 구례군은 교육부로부터 ‘평생학습 도시’로 선정됐다. 그에 걸맞은 정책도 추진되고 있다. 김 군수는 “옛 매천도서관을 ‘평생학습 허브센터’로 조성하고 평생학습 허브센터에서 30개의 마을 학교 지정, 300명의 평생학습 활동가를 양성할 예정”이라며 “청년과 시니어, 은퇴자 등을 대상으로 인근 대학과 연계해 전문 취·창업 교육을 실시하고 청년 인구 유출을 방지하겠다”는 포부를 밝혔다.

김 군수는 농업의 미래 생존을 위한 노력도 강조하고 있다. 이를 위해 군에서 스마트팜을 조성해 3년간 임대하고 이후 창업비용 일부를 지원할 계획이다. 또 치유농업 캠퍼스 조성, 지역특화작물 재배 지원, 지역 풍토에 맞는 채소와 과수, 우리밀 재배 단지화 등을 추진할 계획이다. 또한 환경회복과 탄소 절감을 위한 ‘흙 살리기 TF팀’을 구성해서 흙 살리기 종합발전계획을 수립하고, 전국 지자체 최초로 환경·사회·지배구조의 ESG 생태경제 지역 공동체 실험에 나서고 있어 눈길을 끌고 있다.

김 군수는 “자연을 살리면 경제가 산다. 자연을 살려서 지속가능한 경제를 영위할 수 있다는 것을 ‘자연으로 가는 길’ 구례가 만들어 보이겠다. 군민·향우님들과 소통하며 빛나는 미래를 함께 만들어 나가겠다”고 다짐했다.

김 군수는 소통행정 리더십을 인정받아 ‘2021 올해의 지방자치 CEO’에 선정됐다. 또 홍수 등 위기관리능력을 높이 평가받아 ‘대한민국 10대 행복도시’, 행정안전부의 ‘가장 살기 좋은 도시’ 및 혁신평가·재정평가 최우수 등급의 타이틀을 얻는 등 ‘제일 잘 나가는 도시’로 꼽히고 있다.

구례｜김길룡 기자 localhn@donga.com"
https://n.news.naver.com/mnews/article/421/0006745541?sid=100,"외부 일정 늘리는 김 여사 ""행사 소박하게""…방미 준비 尹 뒷받침",윤석열 대통령 부인 김건희 여사가 이번 주 들어 단독 일정을 잇달아 수행하고 있다. 이달 말로 예정된 국빈 방미 준비에 집중하고 있는 윤 대통령을 대신해 외부 접촉을 늘리며 국정 운영을 뒷받침하는 모습이다.,"잇단 단독 행보로 '국정운영' 지원
직접 현장 방문하고 참석자 만나 소통 나서
김건희 여사가 지난 12일 경기 파주시 국립6·25전쟁납북자기념관에서 납북자·억류자 가족 10명을 만나 이야기를 듣고 위로한 뒤 기념 촬영하고 있다. (대통령실 제공) 2023.4.12/뉴스1 ⓒ News1 안은나 기자


(서울=뉴스1) 정지형 기자 = 윤석열 대통령 부인 김건희 여사가 이번 주 들어 단독 일정을 잇달아 수행하고 있다.

이달 말로 예정된 국빈 방미 준비에 집중하고 있는 윤 대통령을 대신해 외부 접촉을 늘리며 국정 운영을 뒷받침하는 모습이다.

대통령실 관계자는 13일 뉴스1과 한 통화에서 ""대통령이 업무와 회의 등으로 바빠서 직접 챙기지 못하는 일은 영부인이 대신 역할을 해오고 있다""며 ""대통령도 영부인에게 요청한 사항""이라고 말했다.

김 여사는 일요일인 지난 9일 윤 대통령과 부활절 연합예배에 참석한 뒤 11일 사회복지공동모금회 명예회장 추대식, 이튿날인 12일 납북자·억류자 가족 만남 등에 자리했다.

명예회장 추대식과 납북자·억류자 가족 만남은 윤 대통령 없이 김 여사 홀로 수행한 일정이다. '사랑의 열매'로 잘 알려진 사회복지공동모금회의 명예회장 추대는 이전 정부에서도 해오던 통상적인 행사다.

모금회는 고 이희호 여사를 시작으로 대통령 영부인을 명예회장으로 추대해왔는데 김 여사가 영부인으로서는 제5대 명예회장에 올랐다.

다만 김 여사는 청와대에서 열렸던 이전 추대식과 달리 처음으로 사랑의 열매 회관을 직접 방문해 추대식에 참석했다.

또 다른 대통령실 관계자는 ""명예회장으로서 국민들에게 먼저 다가가는 마음으로 직접 모금회를 찾아가 나눔 확산을 당부하며 다양한 기부자를 만나 감사를 전하는 것이 적절하다고 판단했다""고 밝혔다.

특히 김 여사는 모금회가 기부자 기부금으로 운영되는 단체인 만큼 기부금이 필요한 곳에 조금이라도 더 사용될 수 있도록 행사를 최소화해 소박하게 진행해 달라고 요청한 것으로 전해졌다.

김 여사는 추대식 현장에서 기부자들과 대화를 나누며 감사 뜻을 나타내는 한편 명예회장으로서 곧바로 강원 산불 피해 현장 복구를 위한 성금을 기부했다.

김건희 여사가 지난 11일 서울 중구 사랑의 열매 회관에서 열린 사회복지공동모금회 명예회장 추대식 및 나눔실천 기부자 간담회에 참석해 김병준 회장으로부터 추대패를 전달받은 뒤 발언하고 있다. (대통령실 제공) 2023.4.11/뉴스1 ⓒ News1 안은나 기자


전날 진행된 납북자·억류자 가족 위로 만남도 이례적이라는 평가다. 영부인이 직접 가족을 만난 것은 처음인 것으로 알려졌다.

참석자들도 역대 다른 대통령이나 영부인이 직접 만나준 적은 없었다며 김 여사에게 감사를 표했다. 한 대통령실 관계자는 ""납북자 문제 해결은 윤석열 정부 국정과제에도 포함된 내용""이라며 ""연장선상에서 준비된 자리""라고 설명했다.

윤 대통령은 또 지난해 한·미·일 3국 정상 프놈펜 공동선언을 통해 납치자 문제 즉각 해결을 위한 공동 의지를 천명했다. 최근에는 처음으로 정부가 북한인권보고서를 출간하는 등 북한 실상을 국내외에 알리려고 하고 있다.

납북자·억류자 가족 위로 만남도 이런 흐름 속에서 마련됐다는 것이다.

김 여사는 아울러 최근 청와대 상춘재에서 동물보호단체 관계자들과 비공개 오찬 행사를 하기도 했다. 행사에서 김 여사는 ""개 식용을 정부 임기 내에 종식하도록 노력하겠다""고 말한 것으로 전해졌다.

개 식용 금지는 윤 대통령이 대선 후보 시절 내걸었던 공약이며, 국정과제에도 '사람과 동물이 모두 함께 행복한 건전한 반려 문화 조성'이 포함됐다.

대통령실 관계자는 김 여사가 국정과제 지원 행보를 이어가는 것과 관련해 ""영부인이 해야 할 당연한 일들""이라고 밝혔다."
https://n.news.naver.com/mnews/article/117/0003718386?sid=103,"폴리파크, 유한양행 윌로펫 등 펫브랜드 전 상품 취급","반려동물용품 전문점 폴리파크는 유한양행 펫 관련 전 상품을 이달 론칭하고 프로모션을 전개한다고 13일 밝혔다. 폴리파크는 매장 내 ‘유한양행 패밀리 존’을 마련하고 반려 견 소프트사료, 건사료 및 다이어트용,","[마이데일리 = 이지혜 기자] 반려동물용품 전문점 폴리파크는 유한양행 펫 관련 전 상품을 이달 론칭하고 프로모션을 전개한다고 13일 밝혔다.

폴리파크는 매장 내 ‘유한양행 패밀리 존’을 마련하고 반려 견 소프트사료, 건사료 및 다이어트용, 중대형견을 위한 사료와 고양이 습식사료까지 다양한 라인업을 선보이고 있다.

오는 5월 10일까지 한 달 간 진행되는 프로모션 행사품목은 △윌로펫 사료와 간식과 △웰니스 사료 △윔지 스 덴탈껌이다.

할인행사 외에도 방문 고객에게 선착순으로 ‘뉴트리션바 샘플 무료증정’ 쿠폰을 제공한다.

폴리파크 관계자는 “영양 포뮬러를 감안해 설계한 윌로펫 사료, 엄선한 기능성 원료로 제조한 더뉴트리션바 등 유한양행 인기 상품으로 구성했다”며 “할인행사로 유한양행 펫 브랜드 제품을 고객에게 더 알리고, 다양한 혜택을 제공할 계획”이라고 소개했다.

(이지혜 기자 imari@mydaily.co.kr)"
